Country,Player Name,Gold,Silver,Bronze,Total Medals
USA,HUSKE Torri,3,2,0,5
CAN,McINTOSH Summer,3,1,0,4
FRA,MARCHAND Leon,4,0,1,5
USA,SMITH Regan,2,3,0,5
AUS,O'CALLAGHAN Mollie,3,1,1,5
AUS,McKEOWN Kaylee,2,1,2,5
CHN,ZHANG Yufei,0,1,5,6
JPN,OKA Shinnosuke,3,0,1,4
USA,WALSH Gretchen,2,2,0,4
USA,BILES Simone,3,1,0,4
USA,DOUGLASS Kate,2,2,0,4
AUS,TITMUS Ariarne,2,2,0,4
USA,LEDECKY Katie,2,1,1,4
BRA,ANDRADE Rebeca,1,2,1,4
NED,LAVREYSEN Harrie,3,0,0,3
USA,THOMAS Gabrielle,3,0,0,3
KOR,LIM Sihyeon,3,0,0,3
NZL,CARRINGTON Lisa,3,0,0,3
CHN,YANG Junxuan,0,1,3,4
KOR,KIM Woojin,3,0,0,3
CHN,ZOU Jingyuan,1,2,0,3
USA,DRESSEL Caeleb,2,1,0,3
USA,FINK Nic,1,2,0,3
CHN,XU Jiayu,1,2,0,3
AUS,HARRIS Meg,1,2,0,3
NZL,ANDREWS Ellesse,2,1,0,3
CHN,PAN Zhanle,2,1,0,3
CHN,SUN Yingsha,2,1,0,3
NED,BOL Femke,1,1,1,3
NED,HASSAN Sifan,1,0,2,3
USA,MURPHY Ryan,1,1,1,3
GBR,FINUCANE Emma,1,0,2,3
AUS,McKEON Emma,1,1,1,3
AUS,RICHARDSON Matthew,0,2,1,3
HUN,CSIPES Tamara,0,2,1,3
AUS,JACK Shayna,2,0,0,2
AUS,FOX Jessica,2,0,0,2
CHN,ZHANG Boheng,0,2,1,3
CHN,TANG Qianting,0,2,1,3
USA,LEE Sunisa,1,0,2,3
AUS,CHALMERS Kyle,0,2,1,3
CHN,CHEN Yiwen,2,0,0,2
CHN,CHEN Meng,2,0,0,2
CHN,FAN Zhendong,2,0,0,2
BEL,EVENEPOEL Remco,2,0,0,2
CHN,QUAN Hongchan,2,0,0,2
CHN,WANG Chuqin,2,0,0,2
GER,LEMKE Max,2,0,0,2
GER,von BREDOW-WERNDL Jessica,2,0,0,2
CHN,WANG Liuyi,2,0,0,2
CHN,SHENG Lihao,2,0,0,2
FRA,RINER Teddy,2,0,0,2
GER,SCHOPF Jacob,2,0,0,2
CHN,WANG Qianyi,2,0,0,2
KEN,CHEBET Beatrice,2,0,0,2
USA,BENJAMIN Rai,2,0,0,2
NZL,HOSKIN Alicia,2,0,0,2
KOR,OH Sanguk,2,0,0,2
SWE,SJOESTROEM Sarah,2,0,0,2
PHI,YULO Carlos Edriel,2,0,0,2
CHN,HUANG Yuting,1,1,0,2
USA,KIEFER Lee,2,0,0,2
BOT,TEBOGO Letsile,1,1,0,2
USA,McLAUGHLIN-LEVRONE Sydney,2,0,0,2
USA,VALENTE Jennifer,2,0,0,2
USA,FAULKNER Kristen,2,0,0,2
CHN,CHEN Yuxi,1,1,0,2
ESP,PEREZ Maria,1,1,0,2
CHN,QIN Haiyang,1,1,0,2
CHN,WANG Zongyuan,1,1,0,2
FRA,MKHEIDZE Luka,1,1,0,2
ECU,PINTADO Brian Daniel,1,1,0,2
FRA,GABA Joan-Benjamin,1,1,0,2
CHN,LIU Yang,1,1,0,2
HUN,MILAK Kristof,1,1,0,2
GBR,RICHARDS Matthew,1,1,0,2
GER,WERTH Isabell,1,1,0,2
JPN,ABE Hifumi,1,1,0,2
ITA,D'AMATO Alice,1,1,0,2
GBR,SCOTT Duncan,1,1,0,2
KEN,KIPYEGON Faith,1,1,0,2
JPN,TSUNODA Natsumi,1,1,0,2
JPN,NAGASE Takanori,1,1,0,2
KOR,NAM Suhyeon,1,1,0,2
JPN,KANO Koki,1,1,0,2
LCA,ALFRED Julien,1,1,0,2
NED,KLAVER Lieke,1,1,0,2
ROU,RADIS Simona,1,1,0,2
ROU,ANGHEL Roxana,1,1,0,2
NED,PEETERS Cathelijn,1,1,0,2
ROU,BODNAR Ancuta,1,1,0,2
POR,LEITAO Iuri,1,1,0,2
USA,GUILIANO Chris,1,1,0,2
USA,ARMSTRONG Hunter,1,1,0,2
USA,BROWN Kaylyn,1,1,0,2
ROU,VRINCEANU Ioana,1,1,0,2
USA,ALEXY Jack,1,1,0,2
RSA,SMITH Tatjana,1,1,0,2
USA,DEADMON Bryce,1,1,0,2
USA,FINKE Bobby,1,1,0,2
USA,SHACKELL Alex,1,1,0,2
USA,RICHARDSON Sha'carri,1,1,0,2
USA,NORWOOD Vernon,1,1,0,2
USA,SCRUGGS Lauren,1,1,0,2
USA,WEITZEIL Abbey,1,1,0,2
USA,LITTLE Shamier,1,1,0,2
USA,SWANSON Charlie,1,1,0,2
USA,HANCOCK Vincent,1,1,0,2
CHN,CHANG Yani,1,0,1,2
FRA,BUCHARD Amandine,1,0,1,2
FRA,AGBEGNENOU Clarisse,1,0,1,2
CAN,VINCENT Katie,1,0,1,2
FRA,BOUKLI Shirine,1,0,1,2
BRA,SOUZA Beatriz,1,0,1,2
ESP,MARTIN Alvaro,1,0,1,2
FRA,CYSIQUE Sarah Leonie,1,0,1,2
GBR,COLLETT Laura,1,0,1,2
FRA,DICKO Romane,1,0,1,2
KOR,LEE Wooseok,1,0,1,2
IRL,WIFFEN Daniel,1,0,1,2
GBR,YEE Alex,1,0,1,2
ITA,CECCON Thomas,1,0,1,2
FRA,NGAYAP HAMBOU Maxime-Gael,1,0,1,2
USA,BERKOFF Katharine,1,0,1,2
USA,LYLES Noah,1,0,1,2
ROU,POPOVICI David,1,0,1,2
USA,CAREY Jade,1,0,1,2
USA,DYGERT Chloe,1,0,1,2
UKR,KHARLAN Olga,1,0,1,2
USA,JEFFERSON Melissa,1,0,1,2
AUS,STUBBLETY-COOK Zac,0,1,1,2
FRA,MALLO-BRETON Auriane,0,2,0,2
AUS,SOUTHAM Flynn,0,1,1,2
JPN,MURAO Sanshiro,0,2,0,2
USA,MANUEL Simone,0,2,0,2
AUS,ANDERSON Iona,0,1,1,2
ITA,MACCHI Filippo,0,2,0,2
SWE,MOREGARD Truls,0,2,0,2
AUS,TAYLOR Kai,0,1,1,2
CHN,XIAO Ruoteng,0,1,1,2
GBR,HUDSON-SMITH Matthew,0,1,1,2
GBR,CARLIN Jack,0,1,1,2
GBR,BARKER Elinor,0,1,1,2
BRA,LIMA Willian,0,1,1,2
AUS,WINNINGTON Elijah,0,1,1,2
ITA,CONSONNI Simone,0,1,1,2
GER,HAKE Jule Marie,0,1,1,2
GER,PASZEK Paulina,0,1,1,2
GER,FRIEDRICH Lea,0,1,1,2
HUN,GAZSO Alida Dora,0,1,1,2
GBR,WILLIAMS Noah,0,1,1,2
ITA,ESPOSITO Manila,0,1,1,2
ITA,GANNA Filippo,0,1,1,2
JPN,HAYATA Hina,0,1,1,2
JPN,NAGAYAMA Ryuju,0,1,1,2
MEX,OLVERA IBARRA Osmar,0,1,1,2
KOR,KIM Minjong,0,1,1,2
KOR,HUH Mimi,0,1,1,2
ITA,PALTRINIERI Gregorio,0,1,1,2
JPN,HASHIMOTO Soichi,0,1,1,2
JPN,FUNAKUBO Haruka,0,1,1,2
USA,FOSTER Carson,0,1,1,2
USA,ELLISON Brady,0,1,1,2
NZL,WOLLASTON Ally,0,1,1,2
USA,MADDEN Paige,0,1,1,2
USA,SMITH Austen Jewell,0,1,1,2
USA,HOBSON Luke,0,1,1,2
PRK,KIM Mi Rae,0,1,1,2
FRA,MANAUDOU Florent,0,0,2,2
CHN,WU Qingfeng,0,0,2,2
FRA,LEBRUN Felix,0,0,2,2
CHN,YU Yiting,0,0,2,2
AUS,MONTAG Jemima,0,0,2,2
CAN,KHARUN Ilya,0,0,2,2
BRA,PIMENTA Larissa,0,0,2,2
AUS,GLAETZER Matthew,0,0,2,2
GBR,WOODS Kimberley,0,0,2,2
GBR,POTTER Beth,0,0,2,2
GBR,ANNING Amber,0,0,2,2
GBR,FRY Charlotte,0,0,2,2
GBR,NIELSEN Laviai,0,0,2,2
GBR,REARDON Samuel,0,0,2,2
GBR,HAYDOCK-WILSON Alex,0,0,2,2
HUN,FOJT Sara,0,0,2,2
KOR,LEE Joonhwan,0,0,2,2
HUN,PUPP Noemi,0,0,2,2
IND,BHAKER Manu,0,0,2,2
KOR,KIM Hayun,0,0,2,2
HKG,HAUGHEY Siobhan Bernadette,0,0,2,2
KOR,SHIN Yubin,0,0,2,2
GBR,YEARGIN Nicole,0,0,2,2
USA,FISHER Grant,0,0,2,2
USA,NEDOROSCIK Stephen,0,0,2,2
AIN,LITVINOVICH Ivan,1,0,0,1
ALG,KHELIF Imane,1,0,0,1
ARG,TORRES GIL Jose,1,0,0,1
ALG,NEMOUR Kaylia,1,0,0,1
AUS,BLEDDYN Oliver,1,0,0,1
USA,MOORE Jasmine,0,0,2,2
AUS,LEAHY Conor,1,0,0,1
AUS,CAMPBELL Bronte,1,0,0,1
AUS,KENNEDY Nina,1,0,0,1
AUS,McEVOY Cameron,1,0,0,1
AUS,FOX Noemie,1,0,0,1
AUS,BROWN Grace,1,0,0,1
AUS,EBDEN Matthew,1,0,0,1
AUS,TREW Arisa,1,0,0,1
AUS,SAKAKIBARA Saya,1,0,0,1
AUS,PALMER Keegan,1,0,0,1
AUS,PALLISTER Lani,1,0,0,1
AUS,O'BRIEN Kelland,1,0,0,1
AUS,PERKINS Jamie,1,0,0,1
AUS,PEERS John,1,0,0,1
AUS,THROSSELL Brianna,1,0,0,1
AUT,VADLAU Lara,1,0,0,1
AUS,WEARN Matt,1,0,0,1
AUS,WUNSCH Olivia,1,0,0,1
AUT,BONTUS Valentin,1,0,0,1
AZE,HEYDAROV Hidayat,1,0,0,1
AUS,WELSFORD Sam,1,0,0,1
AUT,MAEHR Lukas,1,0,0,1
BEL,THIAM Nafissatou,1,0,0,1
BRA,SILVA RAMOS Ana Patricia,1,0,0,1
BUL,NOVIKOV Semen Sergeevich,1,0,0,1
AZE,KOTSOIEV Zelym,1,0,0,1
BUL,NASAR Karlos May,1,0,0,1
BRN,YAVI Winfred,1,0,0,1
BRA,SANTOS LISBOA Eduarda,1,0,0,1
BRN,TAZHUDINOV Akhmed,1,0,0,1
CAN,De GRASSE Andre,1,0,0,1
CAN,KATZBERG Ethan,1,0,0,1
CAN,PHIL WIZARD,1,0,0,1
CAN,BLAKE Jerome,1,0,0,1
BUL,RAMAZANOV Magomed Eldarovitch,1,0,0,1
CAN,BROWN Aaron,1,0,0,1
CAN,DEGUCHI Christa,1,0,0,1
CHN,CAO Yuan,1,0,0,1
CHN,CHANG Hao,1,0,0,1
CAN,RODNEY Brendon,1,0,0,1
CHN,CHANG Yuan,1,0,0,1
CAN,ROGERS Camryn,1,0,0,1
CHN,CHENG Wentao,1,0,0,1
CHN,CHEN Qing Chen,1,0,0,1
CHI,CROVETTO CHADID Francisca,1,0,0,1
CHN,DING Xinyi,1,0,0,1
CHN,DENG Yawen,1,0,0,1
CHN,HAO Ting,1,0,0,1
CHN,GUO Qiqi,1,0,0,1
CHN,HUANG Zhangjiayang,1,0,0,1
CHN,FENG Yu,1,0,0,1
CHN,HOU Zhihui,1,0,0,1
CHN,HUANG Ya Qiong,1,0,0,1
CHN,LI Yuehong,1,0,0,1
CHN,LI Fabin,1,0,0,1
CHN,JIA Yi Fan,1,0,0,1
CHN,LIAN Junjie,1,0,0,1
CHN,LI Wenwen,1,0,0,1
CHN,JI Bowen,1,0,0,1
CHN,LI Qian,1,0,0,1
CHN,SUN Mengya,1,0,0,1
CHN,LUO Shifang,1,0,0,1
CHN,SUN Jiajun,1,0,0,1
CHN,LONG Daoyi,1,0,0,1
CHN,LIU Hao,1,0,0,1
CHN,MA Long,1,0,0,1
CHN,LIU Huanhua,1,0,0,1
CHN,LIU Yukun,1,0,0,1
CHN,XIANG Binxuan,1,0,0,1
CHN,WANG Changhao,1,0,0,1
CHN,XIAO Yanning,1,0,0,1
CHN,WU Yu,1,0,0,1
CHN,WANG Manyu,1,0,0,1
CHN,WANG Ciyue,1,0,0,1
CHN,WANG Lanjing,1,0,0,1
CHN,ZHENG Si Wei,1,0,0,1
CHN,XIE Yu,1,0,0,1
CHN,ZHENG Qinwen,1,0,0,1
CHN,YANG Hao,1,0,0,1
CHN,YANG Jiayu,1,0,0,1
CHN,ZHANG Yayi,1,0,0,1
CHN,XU Shixiao,1,0,0,1
CHN,XIE Siyi,1,0,0,1
CZE,DOSTAL Josef,1,0,0,1
CRO,MATIC Barbara,1,0,0,1
CZE,FUKSA Martin,1,0,0,1
CUB,ALVAREZ BORGES Erislandy,1,0,0,1
CRO,SINKOVIC Valent,1,0,0,1
CUB,LOPEZ NUNEZ Mijain,1,0,0,1
CRO,SINKOVIC Martin,1,0,0,1
CZE,MACHAC Tomas,1,0,0,1
DEN,HALD Simon,1,0,0,1
CZE,SINIAKOVA Katerina,1,0,0,1
DEN,ARNOLDSEN Thomas,1,0,0,1
DEN,AXELSEN Viktor,1,0,0,1
DEN,GIDSEL Mathias,1,0,0,1
DEN,HANSEN Mikkel,1,0,0,1
DEN,ANDERSSON Lasse,1,0,0,1
DEN,JAKOBSEN Emil,1,0,0,1
DEN,JACOBSEN Niklas Landin,1,0,0,1
DEN,LAUGE Rasmus,1,0,0,1
DEN,LINDBERG Hans,1,0,0,1
DEN,JOERGENSEN Lukas,1,0,0,1
DEN,KIRKELOEKKE Niclas,1,0,0,1
DEN,MOELLGAARD Henrik,1,0,0,1
DEN,JACOBSEN Magnus Landin,1,0,0,1
DEN,NIELSEN Emil,1,0,0,1
DEN,PYTLICK Simon,1,0,0,1
DEN,SAUGSTRUP Magnus,1,0,0,1
EGY,ELGENDY Ahmed,1,0,0,1
ESP,BAENA Alex,1,0,0,1
DMA,LAFOND Thea,1,0,0,1
DOM,PAULINO Marileidy,1,0,0,1
ESP,CUBARSI Pau,1,0,0,1
ESP,DIAZ FORTUN Jordan Alejandro,1,0,0,1
ESP,BARRIOS Pablo,1,0,0,1
ESP,CAMELLO Sergio,1,0,0,1
ESP,BOTIN le CHEVER Diego,1,0,0,1
ESP,BERNABE Adrian,1,0,0,1
ESP,CAMUS Paula,1,0,0,1
ESP,CRESPI BARRIGA Paula,1,0,0,1
ESP,GARCIA GODOY Maica,1,0,0,1
ESP,GARCIA Eric,1,0,0,1
ESP,FORCA ARIZA Judith,1,0,0,1
ESP,ESPAR LLAQUET Anni,1,0,0,1
ESP,GARCIA Joan,1,0,0,1
ESP,ESTER RAMOS Laura,1,0,0,1
ESP,GOMEZ Sergio,1,0,0,1
ESP,ITURBE Alejandro,1,0,0,1
ESP,MIRANDA Juan,1,0,0,1
ESP,OMORODION Samu,1,0,0,1
ESP,LOPEZ Diego,1,0,0,1
ESP,GUTIERREZ Miguel,1,0,0,1
ESP,LOPEZ Fermin,1,0,0,1
ESP,MOSQUERA Cristhian,1,0,0,1
ESP,LEITON ARRONES Paula,1,0,0,1
ESP,PEREZ VIVAS Nona,1,0,0,1
ESP,PENA Pili,1,0,0,1
ESP,ORTIZ Bea,1,0,0,1
ESP,PUBILL Marc,1,0,0,1
ESP,PACHECO Jon,1,0,0,1
ESP,PIRALKOVA COELLO Isabel,1,0,0,1
ESP,OROZ Aimar,1,0,0,1
ESP,SANCHEZ Juanlu,1,0,0,1
ESP,TRITTEL PAUL Florian,1,0,0,1
ETH,TOLA Tamirat,1,0,0,1
ESP,RUIZ Abel,1,0,0,1
ESP,TENAS Arnau,1,0,0,1
ESP,RUIZ BARRIL Elena,1,0,0,1
ESP,TURRIENTES Benat,1,0,0,1
ESP,TERRE Martina,1,0,0,1
FRA,DIESSE Aurelien,1,0,0,1
FRA,CHINENYEZE Barthelemy,1,0,0,1
FRA,BARRAQUE Jean Pascal,1,0,0,1
FRA,BEAUGRAND Cassandre,1,0,0,1
FRA,APITHY-BRUNET Manon,1,0,0,1
FRA,DAUDET Joris,1,0,0,1
FRA,CLEVENOT Trevor,1,0,0,1
FRA,BRIZARD Antoine,1,0,0,1
FRA,FORNER Theo,1,0,0,1
FRA,GAHIE Marie Eve,1,0,0,1
FRA,DUPONT Antoine,1,0,0,1
FRA,EPEE Nelson,1,0,0,1
FRA,FERRAND PREVOT Pauline,1,0,0,1
FRA,DJALO Alpha Oumar,1,0,0,1
FRA,FAURE Theo,1,0,0,1
FRA,GESTIN Nicolas,1,0,0,1
FRA,LAURIN Althea,1,0,0,1
FRA,JOSEPH Jefferson-Lee,1,0,0,1
FRA,JOUFFROY Quentin,1,0,0,1
FRA,GRANDIDIER NKANANG Aaron,1,0,0,1
FRA,le GOFF Nicolas,1,0,0,1
FRA,GREBENNIKOV Jenia,1,0,0,1
FRA,KHYAR Walide,1,0,0,1
FRA,PAREZ EDO MARTIN Stephen,1,0,0,1
FRA,NGAPETH Earvin,1,0,0,1
FRA,LOUATI Yacine,1,0,0,1
FRA,PATRY Jean,1,0,0,1
FRA,PASQUET Varian,1,0,0,1
FRA,MALONGA Madeleine,1,0,0,1
FRA,REBBADJ Rayan,1,0,0,1
FRA,THOMAS Benjamin,1,0,0,1
FRA,RIVA Paulin,1,0,0,1
FRA,TIMO Andy,1,0,0,1
FRA,SEPHO Jordan,1,0,0,1
FRA,TONIUTTI Benjamin,1,0,0,1
FRA,ZEGHDAR Antoine,1,0,0,1
FRA,TILLIE Kevin,1,0,0,1
FRA,VAAST Kauli,1,0,0,1
GBR,BIRD Kieran,1,0,0,1
GBR,BOLDING Morgan,1,0,0,1
GBR,ANDERSON Lola,1,0,0,1
GBR,BRASH Scott,1,0,0,1
GBR,BRAYSHAW Georgina,1,0,0,1
GBR,BRIGHTMORE Harry,1,0,0,1
GBR,ALDRIDGE Eleanor,1,0,0,1
GBR,DIGBY Tom,1,0,0,1
GBR,DEAN Tom,1,0,0,1
GBR,CANTER Rosalind,1,0,0,1
GBR,CHARLES Harry,1,0,0,1
GBR,CARNEGIE Sholto,1,0,0,1
GBR,CRAIG Emily,1,0,0,1
GBR,CAPEWELL Sophie,1,0,0,1
GBR,DAWSON Jacob,1,0,0,1
GBR,ELWES Charles,1,0,0,1
GBR,GIBBS Rory,1,0,0,1
GBR,HALES Nathan,1,0,0,1
GBR,HODGKINSON Keely,1,0,0,1
GBR,FORD Tom,1,0,0,1
GBR,GUY James,1,0,0,1
GBR,HENRY Lauren,1,0,0,1
GBR,GRANT Imogen,1,0,0,1
GBR,MAHER Ben,1,0,0,1
GBR,PIDCOCK Thomas,1,0,0,1
GBR,ROBERTS Toby,1,0,0,1
GBR,MARCHANT Katy,1,0,0,1
GBR,McEWEN Tom,1,0,0,1
GBR,McMILLAN Jack,1,0,0,1
GBR,PAGE Bryony,1,0,0,1
GER,BRUNCKHORST Svenja,1,0,0,1
GBR,SCOTT Hannah,1,0,0,1
GEO,BEKAURI Lasha,1,0,0,1
GEO,PETRIASHVILI Geno,1,0,0,1
GER,GREINACHER Sonja,1,0,0,1
GER,HELLWIG Tim,1,0,0,1
GEO,TALAKHADZE Lasha,1,0,0,1
GBR,RUDKIN James,1,0,0,1
GER,MAERTENS Lukas,1,0,0,1
GER,LUEHRS Lasse,1,0,0,1
GER,JUNG Michael,1,0,0,1
GER,LINDEMANN Laura,1,0,0,1
GER,KUKUK Christian,1,0,0,1
GER,MEVIUS Elisa,1,0,0,1
GER,LIEBSCHER-LUCZ Tom,1,0,0,1
GRE,TENTOGLOU Miltiadis,1,0,0,1
GER,VARFOLOMEEV Darja,1,0,0,1
GER,OGUNLEYE Yemisi,1,0,0,1
GER,WANDRES Frederic,1,0,0,1
GER,ZEIDLER Oliver,1,0,0,1
GER,REICHERT Marie,1,0,0,1
GER,TERTSCH Lisa,1,0,0,1
GER,RENDSCHMIDT Max,1,0,0,1
GUA,RUANO OLIVA Adriana,1,0,0,1
HUN,KOS Hubert,1,0,0,1
HUN,ANDRASFI Tibor,1,0,0,1
HUN,KOCH Mate Tamas,1,0,0,1
HKG,CHEUNG Ka Long,1,0,0,1
HUN,GULYAS Michelle,1,0,0,1
HUN,MARTON Viviana,1,0,0,1
HKG,KONG Man Wai Vivian,1,0,0,1
INA,JUNIANSYAH Rizki,1,0,0,1
INA,LEONARDO Veddriq,1,0,0,1
HUN,SIKLOSI Gergely,1,0,0,1
IRI,ESMAEILI LEIVESI Saeid,1,0,0,1
IRI,SALIMI Arian,1,0,0,1
HUN,NAGY David,1,0,0,1
HUN,RASOVSZKY Kristof,1,0,0,1
ITA,BACOSI Diana,1,0,0,1
ITA,ANTROPOVA Ekaterina,1,0,0,1
IRL,Mc CARTHY Fintan,1,0,0,1
IRL,O DONOVAN Paul,1,0,0,1
IRI,SARAVI Mohammadhadi,1,0,0,1
IRL,HARRINGTON Kellie,1,0,0,1
ISR,REUVENY Tom,1,0,0,1
IRL,Mc CLENAGHAN Rhys,1,0,0,1
ITA,DANESI Anna,1,0,0,1
ITA,BELLANDI Alice,1,0,0,1
ITA,CAMBI Carlotta,1,0,0,1
ITA,BANTI Caterina Marianna,1,0,0,1
ITA,CONSONNI Chiara,1,0,0,1
ITA,de GENNARO Giovanni,1,0,0,1
ITA,BOSETTI Caterina Chiara,1,0,0,1
ITA,GIOVANNINI Gaia,1,0,0,1
ITA,FAHR Sarah Luisa,1,0,0,1
ITA,de GENNARO Monica,1,0,0,1
ITA,ERRANI Sara,1,0,0,1
ITA,FIAMINGO Rossella,1,0,0,1
ITA,EGONU Paola Ogechi,1,0,0,1
ITA,LUBIAN Marina,1,0,0,1
ITA,GUAZZINI Vittoria,1,0,0,1
ITA,MARTINENGHI Nicolo,1,0,0,1
ITA,OMORUYI Oghosasere Loveth,1,0,0,1
ITA,RIZZI Giulia,1,0,0,1
ITA,MAGGETTI Marta,1,0,0,1
ITA,PAOLINI Jasmine,1,0,0,1
ITA,NAVARRIA Mara,1,0,0,1
ITA,ORRO Alessia,1,0,0,1
ITA,TITA Ruggero,1,0,0,1
JPN,AMI,1,0,0,1
ITA,ROSSETTI Gabriele,1,0,0,1
ITA,SANTUCCIO Alberta,1,0,0,1
JPN,FUJINAMI Akari,1,0,0,1
ITA,SPIRITO Ilaria,1,0,0,1
JAM,STONA Roje,1,0,0,1
ITA,SYLLA Myriam Fatime,1,0,0,1
JPN,KAYA Kazuma,1,0,0,1
JPN,FUMITA Kenichiro,1,0,0,1
JPN,HASHIMOTO Daiki,1,0,0,1
JPN,KAGAMI Yuka,1,0,0,1
JPN,HORIGOME Yuto,1,0,0,1
JPN,KITAGUCHI Haruka,1,0,0,1
JPN,IIMURA Kazuki,1,0,0,1
JPN,HIGUCHI Rei,1,0,0,1
JPN,SHIKINE Takahiro,1,0,0,1
JPN,MOTOKI Sakura,1,0,0,1
JPN,SAKURAI Tsugumi,1,0,0,1
JPN,KUSAKA Nao,1,0,0,1
JPN,MATSUYAMA Kyosuke,1,0,0,1
JPN,KIYOOKA Kotaro,1,0,0,1
JPN,NAGANO Yudai,1,0,0,1
JPN,YOSHIZAWA Coco,1,0,0,1
KOR,BAN Hyojin,1,0,0,1
JPN,TANIGAWA Wataru,1,0,0,1
KOR,DO Gyeongdong,1,0,0,1
KAZ,SMETOV Yeldos,1,0,0,1
JPN,SUGINO Takaaki,1,0,0,1
KOR,AN Se Young,1,0,0,1
KEN,WANYONYI Emmanuel,1,0,0,1
KOR,KIM Je Deok,1,0,0,1
KOR,PARK Sangwon,1,0,0,1
KOR,KIM Yujin,1,0,0,1
KOR,PARK Taejoon,1,0,0,1
KOR,GU Bongil,1,0,0,1
KOR,OH Ye Jin,1,0,0,1
KOR,JEON Hunyoung,1,0,0,1
NED,BLAAK Pirmin,1,0,0,1
NED,BLOK Justen,1,0,0,1
NED,BIJEN Koen,1,0,0,1
NED,BALK Lars,1,0,0,1
KOR,YANG Jiin,1,0,0,1
NED,ALBERS Felice,1,0,0,1
MAR,EL BAKKALI Soufiane,1,0,0,1
NED,BOONSTRA Benthe,1,0,0,1
NED,BOUWMEESTER Marit,1,0,0,1
NED,CLEVERING Ymkje,1,0,0,1
NED,de JONG Worthy,1,0,0,1
NED,de GEUS Jonas,1,0,0,1
NED,BURG Joosje,1,0,0,1
NED,CROON Jorrit Jan Willem,1,0,0,1
NED,BRINKMAN Thierry,1,0,0,1
NED,DRIESSEN Jan,1,0,0,1
NED,DRENTH Hermijntje,1,0,0,1
NED,DICKE Pien,1,0,0,1
NED,de WAARD Xan,1,0,0,1
NED,de MOL Joep,1,0,0,1
NED,DUETZ Annette,1,0,0,1
NED,FLORIJN Finn,1,0,0,1
NED,de VILDER Derck,1,0,0,1
NED,HOEDEMAKERS Tjep,1,0,0,1
NED,JOCHEMS Marleen,1,0,0,1
NED,JANSSEN Jip,1,0,0,1
NED,KLEIN IKKINK Isaya,1,0,0,1
NED,HOOGLAND Jeffrey,1,0,0,1
NED,FLORIJN Karolien,1,0,0,1
NED,JANSEN Yibbi,1,0,0,1
NED,FOKKE Luna Noa,1,0,0,1
NED,MIDDENDORP Floris,1,0,0,1
NED,KOOLEN Sanne,1,0,0,1
NED,MOES Freeke,1,0,0,1
NED,METSEMAKERS Koen,1,0,0,1
NED,MATLA Frederique,1,0,0,1
NED,NUNNINK Laura,1,0,0,1
NED,MEESTER Veronique,1,0,0,1
NED,OFFEREINS Tinka,1,0,0,1
NED,OMALLA Eugene,1,0,0,1
NED,REYENGA Tijmen,1,0,0,1
NED,POST Lisa,1,0,0,1
NED,SANDERS Pien,1,0,0,1
NED,TELGENKAMP Duco,1,0,0,1
NED,SLAGTER Arvin,1,0,0,1
NED,OLDENBURG Marloes,1,0,0,1
NED,van den BERG Roy,1,0,0,1
NED,van LAARHOVEN Renee,1,0,0,1
NED,van der HORST Dimeo,1,0,0,1
NED,van DAM Thijs,1,0,0,1
NED,van ASS Seve,1,0,0,1
NED,van AANHOLT Odile,1,0,0,1
NED,van HEIJNINGEN Steijn,1,0,0,1
NED,VEEN Marijn,1,0,0,1
NED,van LIEROP Lennart,1,0,0,1
NED,WORTELBOER Floris,1,0,0,1
NED,VERSCHOOR Maria,1,0,0,1
NED,van ROUWENDAAL Sharon,1,0,0,1
NOR,AARDAHL Maren,1,0,0,1
NED,WIETEN Tone,1,0,0,1
NED,VEENENDAAL Anne,1,0,0,1
NOR,KOANDA Solfrid Eila Amena,1,0,0,1
NOR,BREISTOEL Kristine,1,0,0,1
NOR,JACOBSEN Marit,1,0,0,1
NOR,INGEBRIGTSEN Jakob,1,0,0,1
NOR,BRATTSET DALE Kari,1,0,0,1
NOR,HERREM Camilla,1,0,0,1
NOR,INGSTAD Vilde,1,0,0,1
NOR,REISTAD Henny,1,0,0,1
NOR,KRISTIANSEN Veronica,1,0,0,1
NOR,MOERK Nora,1,0,0,1
NOR,ROOTH Markus,1,0,0,1
NOR,LUNDE Katrine,1,0,0,1
NOR,RUSHFELDT DEILA Thale,1,0,0,1
NOR,SKOGRAND Stine,1,0,0,1
NOR,OFTEDAL Stine Bredal,1,0,0,1
NZL,BLYDE Michaela,1,0,0,1
NZL,FRANCIS Brooke,1,0,0,1
NZL,BRETT Olivia,1,0,0,1
NOR,SOLBERG-OESTHASSEL Silje,1,0,0,1
NZL,FELIX-HOTHAM Jazmin,1,0,0,1
NZL,BUTCHER Finn,1,0,0,1
NOR,SOLBERG-ISAKSEN Sanna,1,0,0,1
NZL,HIRINI Sarah,1,0,0,1
NZL,MILLER Jorja,1,0,0,1
NZL,PAUL Mahina,1,0,0,1
NZL,KERR Hamish,1,0,0,1
NZL,KING Tyla,1,0,0,1
NZL,KO Lydia,1,0,0,1
NZL,NUKU Manaia,1,0,0,1
NZL,POURI-LANE Risi,1,0,0,1
NZL,WOODMAN-WICKLIFFE Portia,1,0,0,1
NZL,SETEFANO Theresa,1,0,0,1
PAK,NADEEM Arshad,1,0,0,1
NZL,SPOORS Lucy,1,0,0,1
POL,MIROSLAW Aleksandra,1,0,0,1
NZL,VAUGHAN Tara,1,0,0,1
NZL,WAAKA Stacey,1,0,0,1
NZL,SAILI Alena,1,0,0,1
ROU,ENACHE Marian Florian,1,0,0,1
ROU,ADAM Adriana,1,0,0,1
ROU,CORNEA Andrei Sebastian,1,0,0,1
ROU,LEHACI Maria,1,0,0,1
ROU,PETREANU Victoria Stefania,1,0,0,1
POR,OLIVEIRA Rui,1,0,0,1
ROU,BERES Amalia,1,0,0,1
SRB,ARUNOVIC Zorana,1,0,0,1
SRB,DEDOVIC Nikola,1,0,0,1
SRB,DRASOVIC Radomir,1,0,0,1
SRB,CUK Milos,1,0,0,1
SRB,DJOKOVIC Novak,1,0,0,1
SLO,LESKI Andreja,1,0,0,1
SLO,GARNBRET Janja,1,0,0,1
ROU,RUSU Maria Magdalena,1,0,0,1
SRB,JAKSIC Nikola,1,0,0,1
SRB,JAKSIC Petar,1,0,0,1
SRB,MISOVIC Vladimir,1,0,0,1
SRB,MIKEC Damir,1,0,0,1
SRB,FILIPOVIC Radoslav,1,0,0,1
SRB,RANDELOVIC Sava,1,0,0,1
SRB,MANDIC Dusan,1,0,0,1
SWE,AHMAN David,1,0,0,1
SWE,DUPLANTIS Armand,1,0,0,1
SUI,LEONE Chiara,1,0,0,1
SRB,UBOVIC Nemanja,1,0,0,1
SRB,VICO Nemanja,1,0,0,1
SRB,RASOVIC Strahinja,1,0,0,1
SRB,RASOVIC Viktor,1,0,0,1
SWE,HELLVIG Jonatan,1,0,0,1
TPE,WANG Chi-Lin,1,0,0,1
TPE,LEE Yang,1,0,0,1
UKR,KHYZHNIAK Oleksandr,1,0,0,1
UGA,CHEPTEGEI Joshua,1,0,0,1
TPE,LIN Yu Ting,1,0,0,1
UKR,BAKASTOVA Yuliia,1,0,0,1
TUN,KATOUSSI Firas,1,0,0,1
THA,WONGPATTANAKIT Panipak,1,0,0,1
USA,ALLMAN Valarie,1,0,0,1
USA,BAILEY Christopher,1,0,0,1
UKR,KRAVATSKA Olena,1,0,0,1
UKR,MAHUCHIKH Yaroslava,1,0,0,1
USA,ALBERT Korbin,1,0,0,1
USA,ADEBAYO Bam,1,0,0,1
UKR,KOMASHCHUK Alina,1,0,0,1
USA,CHILES Jordan,1,0,0,1
USA,COFFEY Samantha,1,0,0,1
USA,COLLIER Napheesa,1,0,0,1
USA,BOOKER Devin,1,0,0,1
USA,BUTLER Aaliyah,1,0,0,1
USA,BETHUNE Croix,1,0,0,1
USA,COPPER Kahleah,1,0,0,1
USA,BEST Justin,1,0,0,1
USA,DAVIDSON Tierna,1,0,0,1
USA,DAVIS Anthony,1,0,0,1
USA,CURRY Stephen,1,0,0,1
USA,CROUSER Ryan,1,0,0,1
USA,DAVIS-WOODHALL Tara,1,0,0,1
USA,DUBROVICH Jacqueline,1,0,0,1
USA,CORRIGAN Liam,1,0,0,1
USA,EDWARDS Anthony,1,0,0,1
USA,GRADY Michael,1,0,0,1
USA,GIRMA Naomi,1,0,0,1
USA,FOX Emily,1,0,0,1
USA,ELOR Amit,1,0,0,1
USA,DUNN Crystal,1,0,0,1
USA,EMBIID Joel,1,0,0,1
USA,DURANT Kevin,1,0,0,1
USA,HILDEBRANDT Sarah Ann,1,0,0,1
USA,HAYES Quanera,1,0,0,1
USA,GRAY Chelsea,1,0,0,1
USA,GRINER Brittney,1,0,0,1
USA,HOCKER Cole,1,0,0,1
USA,HALIBURTON Tyrese,1,0,0,1
USA,HELD Ryan,1,0,0,1
USA,HALL Quincy,1,0,0,1
USA,HOLLOWAY Grant,1,0,0,1
USA,KING Lilly,1,0,0,1
USA,HOLIDAY Jrue,1,0,0,1
USA,JAMES LeBron,1,0,0,1
USA,HOLMES Alexis,1,0,0,1
USA,IONESCU Sabrina,1,0,0,1
USA,HORAN Lindsey,1,0,0,1
USA,MARKS Caroline,1,0,0,1
USA,LOYD Jewell,1,0,0,1
USA,MURPHY Casey,1,0,0,1
USA,LAVELLE Rose,1,0,0,1
USA,NAEHER Alyssa,1,0,0,1
USA,KING Matt,1,0,0,1
USA,MEAD Nick,1,0,0,1
USA,KRUEGER Casey,1,0,0,1
USA,RUSSELL Masai,1,0,0,1
USA,REEVES Olivia,1,0,0,1
USA,RODMAN Trinity,1,0,0,1
USA,NIGHSWONGER Jenna,1,0,0,1
USA,RIVERA Hezly,1,0,0,1
USA,PLUM Kelsey,1,0,0,1
USA,SAMS Emily,1,0,0,1
USA,SONNETT Emily,1,0,0,1
USA,SMITH Sophia,1,0,0,1
USA,TATUM Jayson,1,0,0,1
USA,SCHEFFLER Scottie,1,0,0,1
USA,SHAW Jaedyn,1,0,0,1
USA,TAURASI Diana,1,0,0,1
USA,STEWART Breanna,1,0,0,1
USA,SWANSON Mallory,1,0,0,1
USA,WEBER Emma,1,0,0,1
USA,TERRY Twanisha,1,0,0,1
USA,WILLIAMS Lynn,1,0,0,1
USA,THOMAS Alyssa,1,0,0,1
USA,WHITE Derrick,1,0,0,1
USA,WILLIAMS Lily,1,0,0,1
USA,WEINTRAUB Maia Mei,1,0,0,1
USA,WILSON A'ja,1,0,0,1
UZB,KHALOKOV Abdumalik,1,0,0,1
UZB,KELDIYOROVA Diyora,1,0,0,1
UZB,JAMALOV Razambek Salambekovitch,1,0,0,1
UZB,JALOLOV Bakhodir,1,0,0,1
USA,WILSON Quincy,1,0,0,1
UZB,DUSMATOV Hasanboy,1,0,0,1
USA,YOUNG Jackie,1,0,0,1
UZB,MULLOJONOV Lazizbek,1,0,0,1
AIN,ZALATY Yauheni,0,1,0,1
AIN,ANDREEVA Mirra,0,1,0,1
AIN,SHNAIDER Diana,0,1,0,1
ARG,BOSCO Eugenia,0,1,0,1
AIN,BARDZILOUSKAYA Viyaleta,0,1,0,1
UZB,RASHITOV Ulugbek,1,0,0,1
UZB,MUYDINKHUJAEV Asadkhuja,1,0,0,1
ARM,DAVTYAN Artur,0,1,0,1
AUS,ARANCINI Zoe,0,1,0,1
ARM,LALAYAN Varazdat,0,1,0,1
ARM,ALEKSANYAN Artur,0,1,0,1
AUS,ANDREWS Charlize,0,1,0,1
AUS,ANDREWS Abby,0,1,0,1
ARG,MAJDALANI Mateo,0,1,0,1
AUS,ARMIT Elle,0,1,0,1
AUS,COLLINS Jackson,0,1,0,1
AUS,CARTWRIGHT Jack,0,1,0,1
AUS,BURTON Christopher,0,1,0,1
AUS,GOFERS Keesja,0,1,0,1
AUS,HALLIGAN Bronte,0,1,0,1
AUS,FITZSIMMONS Riley,0,1,0,1
AUS,GREEN Sienna,0,1,0,1
AUS,JOHNSON Moesha,0,1,0,1
AUS,HEARN Sienna,0,1,0,1
AUS,KEARNS Tilly,0,1,0,1
AUS,HAVARD Noah,0,1,0,1
AUS,HULL Jessica,0,1,0,1
AUS,JACKOVICH Danijela,0,1,0,1
AUS,KEENEY Maddison,0,1,0,1
AUS,LONGMAN Genevieve,0,1,0,1
AUS,ROBINSON Jack,0,1,0,1
AUS,RAMSAY Ella,0,1,0,1
AUS,OLYSLAGERS Nicola,0,1,0,1
AUS,MORRIS Grae,0,1,0,1
AUS,PALM Gabriella,0,1,0,1
AUS,STRAUCH Jenna,0,1,0,1
AUS,PERKINS Alexandria,0,1,0,1
AUS,WILLIAMS Alice,0,1,0,1
AUS,van der WESTHUYZEN Pierre,0,1,0,1
AZE,MAGOMEDOV Gashim,0,1,0,1
AUS,YANG William,0,1,0,1
BEL,ABDI Bashir,0,1,0,1
BOT,KEBINATSHIPI Busang Collen,0,1,0,1
AZE,ALFONSO DOMINGUEZ Loren Berto,0,1,0,1
BRA,ANGELINA,0,1,0,1
BRA,DUDA SAMPAIO,0,1,0,1
BOT,PESELA Anthony,0,1,0,1
BOT,NDORI Bayapo,0,1,0,1
BRA,ANA VITORIA,0,1,0,1
BRA,ADRIANA,0,1,0,1
BRA,BONFIM Caio,0,1,0,1
BRA,ANTONIA,0,1,0,1
BRA,LUDMILA,0,1,0,1
BRA,LAUREN,0,1,0,1
BRA,GABI NUNES,0,1,0,1
BRA,JHENIFFER,0,1,0,1
BRA,GABI PORTILHO,0,1,0,1
BRA,LUCIANA,0,1,0,1
BRA,LORENA,0,1,0,1
BRA,KEROLIN,0,1,0,1
BRA,TAMIRES,0,1,0,1
BRA,PRISCILA,0,1,0,1
BRA,RAFAELLE,0,1,0,1
BRA,TARCIANE,0,1,0,1
BRA,MARTA,0,1,0,1
BRA,TAINA,0,1,0,1
BRA,QUEIROZ Isaquias,0,1,0,1
CAN,AROP Marco,0,1,0,1
BRA,YASMIM,0,1,0,1
BUL,KALEYN Boryana,0,1,0,1
CAN,APPS Olivia,0,1,0,1
BRA,VITORIA YAYA,0,1,0,1
BRA,WESTON-WEBB Tatiana,0,1,0,1
BRN,NASER Salwa Eid,0,1,0,1
BRA,THAIS,0,1,0,1
CAN,CHARRON Maude,0,1,0,1
CAN,DANIELS Chloe,0,1,0,1
CAN,BERMUDEZ Fancy,0,1,0,1
CAN,FILMER Caileigh,0,1,0,1
CAN,CROSSLEY Caroline,0,1,0,1
CAN,DENT Abby,0,1,0,1
CAN,CORRIGAN Alysha,0,1,0,1
CAN,KIT Kristen,0,1,0,1
CAN,GRUCHALLA-WESIERSKI Kasia,0,1,0,1
CAN,LIENDO Josh,0,1,0,1
CAN,NORSTEN Carissa,0,1,0,1
CAN,MESCHKULEIT Maya,0,1,0,1
CAN,HOGAN-ROCHESTER Asia,0,1,0,1
CAN,LOGAN Piper,0,1,0,1
CAN,HUMANA-PAREDES Melissa,0,1,0,1
CAN,WALKER Kristina,0,1,0,1
CAN,VALENZUELA Shalaya,0,1,0,1
CAN,SYMONDS Florence,0,1,0,1
CAN,PAYNE Sydney,0,1,0,1
CAN,SEVICK Jessica,0,1,0,1
CAN,PERRY Taylor,0,1,0,1
CAN,SCURFIELD Krissy,0,1,0,1
CHN,CAO Liguo,0,1,0,1
CHI,ACOSTA FERNANDEZ Yasmani,0,1,0,1
CHN,AN Qixuan,0,1,0,1
CAN,WILKERSON Brandie,0,1,0,1
CHN,CHEN Yang,0,1,0,1
CAN,WILLIAMS Charity,0,1,0,1
CAN,WASTENEYS Avalon,0,1,0,1
CAN,WARDLEY Keyara,0,1,0,1
CHN,FENG Bin,0,1,0,1
CHN,DAN Wen,0,1,0,1
CHN,GU Bingfeng,0,1,0,1
CHN,FAN Yunxia,0,1,0,1
CHN,GUO Qing,0,1,0,1
CHN,DENG Lijuan,0,1,0,1
CHN,CHEN Yi,0,1,0,1
CHN,HE Bing Jiao,0,1,0,1
CHN,MA Ning,0,1,0,1
CHN,LIANG Wei Keng,0,1,0,1
CHN,LI Hong,0,1,0,1
CHN,OU Zixia,0,1,0,1
CHN,LIU Sheng Shu,0,1,0,1
CHN,HE Jiangxin,0,1,0,1
CHN,LI Jiaman,0,1,0,1
CHN,QIU Qiyuan,0,1,0,1
CHN,WANG Xinyu,0,1,0,1
CHN,QI Ying,0,1,0,1
CHN,TAN Ning,0,1,0,1
CHN,WANG Zisai,0,1,0,1
CHN,SU Weide,0,1,0,1
CHN,TAN Jinzhuang,0,1,0,1
CHN,WANG Chang,0,1,0,1
CHN,YANG Liu,0,1,0,1
CHN,YANG Xiaolei,0,1,0,1
CHN,YE Jiao,0,1,0,1
CHN,WU Peng,0,1,0,1
CHN,YANG Wenlu,0,1,0,1
CHN,XU Wenyu,0,1,0,1
CHN,ZHONG Jiaqi,0,1,0,1
CHN,ZHANG Zhizhen,0,1,0,1
COL,BARAJAS Angel,0,1,0,1
CHN,ZOU Meirong,0,1,0,1
COL,LOPEZ Yeison,0,1,0,1
CHN,ZHANG Ying,0,1,0,1
CHN,YU Anhui,0,1,0,1
CHN,ZHOU Yaqin,0,1,0,1
CRO,JOKOVIC Maro,0,1,0,1
CRO,BURIC Rino,0,1,0,1
COL,SANCHEZ Mari Leivis,0,1,0,1
CRO,BILJAKA Matias,0,1,0,1
CRO,BUKIC Luka,0,1,0,1
CRO,BIJAC Marko,0,1,0,1
CRO,FATOVIC Loren,0,1,0,1
CRO,POPADIC Toni,0,1,0,1
CRO,KHARKOV Konstantin,0,1,0,1
CRO,VRLIC Josip,0,1,0,1
CRO,VEKIC Donna,0,1,0,1
CRO,ZUVELA Marko,0,1,0,1
CRO,MARINIC KRAGIC Jerko,0,1,0,1
CRO,LONCAR Luka,0,1,0,1
CRO,VUKICEVIC Ante,0,1,0,1
DEN,BACHMANN ANDERSEN Daniel,0,1,0,1
DEN,SKODBORG MERRALD Nanna,0,1,0,1
CUB,GUZMAN LOPEZ Yusneylis,0,1,0,1
ECU,YEPEZ GUZMAN Lucia Yamileth,0,1,0,1
CYP,KONTIDES Pavlos,0,1,0,1
ECU,MOREJON Glenda,0,1,0,1
DEN,RINDOM Anne-Marie,0,1,0,1
DEN,LAUDRUP-DUFOUR Cathrine,0,1,0,1
ESP,YGUERAVIDE Sandra,0,1,0,1
ESP,GHADFA DRISSI EL AISSAOUI Ayoub,0,1,0,1
ESP,CAMILION Juana,0,1,0,1
ESP,ALONSO Gracia,0,1,0,1
ESP,ALCARAZ Carlos,0,1,0,1
ESP,GIMENO Vega,0,1,0,1
EGY,AHMED Sara,0,1,0,1
ETH,ASSEFA Tigst,0,1,0,1
FIJ,BALEIWAIRIKI Iosefo,0,1,0,1
FIJ,JOSAIA Raisuqe,0,1,0,1
FIJ,MATANA Jeremaia,0,1,0,1
FIJ,LOGANIMASI Ponipate,0,1,0,1
ETH,DUGUMA Tsige,0,1,0,1
ETH,AREGAWI Berihu,0,1,0,1
FIJ,MOCENACAGI Sevuloni,0,1,0,1
FIJ,TEBA Iowane,0,1,0,1
FIJ,NACUQU Waisea,0,1,0,1
FIJ,NASOVA Joji,0,1,0,1
FIJ,TALACOLO Joseva,0,1,0,1
FIJ,SAUTURAGA Filipe,0,1,0,1
FIJ,RAVUTAUMADA Selesitino,0,1,0,1
FIJ,RASAKU Kaminieli,0,1,0,1
FRA,ANDRE Sylvain,0,1,0,1
FRA,ALBICY Andrew,0,1,0,1
FRA,BADE Loic,0,1,0,1
FRA,AYAYI Valeriane,0,1,0,1
FRA,AKLIOUCHE Maghnes,0,1,0,1
FIJ,TUWAI Jerry,0,1,0,1
FIJ,VEILAWA Terio Tamani,0,1,0,1
FRA,ADDIS Baptiste,0,1,0,1
FRA,BOUKTIT Sarah,0,1,0,1
FRA,BENNAMA Billal,0,1,0,1
FRA,BOREL Yannick,0,1,0,1
FRA,BATUM Nicolas,0,1,0,1
FRA,BADIANE Marieme,0,1,0,1
FRA,CANDASSAMY Marie-Florence,0,1,0,1
FRA,BALZER Sara,0,1,0,1
FRA,BERNIES Romane,0,1,0,1
FRA,CHERY Alexia,0,1,0,1
FRA,CHIRAULT Thomas,0,1,0,1
FRA,CASTRYCK Titouan,0,1,0,1
FRA,CHOTARD Joris,0,1,0,1
FRA,CLOUVEL Elodie,0,1,0,1
FRA,CORDINIER Isaia,0,1,0,1
FRA,CHERKI Rayan,0,1,0,1
FRA,DIOUF Andy,0,1,0,1
FRA,DARLEUX MINGAM Cleopatre,0,1,0,1
FRA,de COLO Nando,0,1,0,1
FRA,COULIBALY Bilal,0,1,0,1
FRA,DOUE Desire,0,1,0,1
FRA,DANY DANN,0,1,0,1
FRA,FAUTHOUX Marine,0,1,0,1
FRA,DUSSOULIER Lucas,0,1,0,1
FRA,FLIPPES Laura,0,1,0,1
FRA,GOBERT Rudy,0,1,0,1
FRA,GRANDVEAU Lena,0,1,0,1
FRA,FOURNIER Evan,0,1,0,1
FRA,GRANIER Lucie,0,1,0,1
FRA,FOPPA Pauletta,0,1,0,1
FRA,GLAUSER Laura,0,1,0,1
FRA,KANOR Orlane,0,1,0,1
FRA,HUG Angele,0,1,0,1
FRA,KIRPICHNIKOVA Anastasiia,0,1,0,1
FRA,HORACEK Tamara,0,1,0,1
FRA,JOHANNES Marine,0,1,0,1
FRA,JEDRZEJEWSKI Camille,0,1,0,1
FRA,KALIMUENDO Arnaud,0,1,0,1
FRA,KONE Manu,0,1,0,1
FRA,LEPENANT Johann,0,1,0,1
FRA,LACAZETTE Alexandre,0,1,0,1
FRA,LANDOIS Stephane,0,1,0,1
FRA,KORETZKY Victor,0,1,0,1
FRA,LAGHOUAG Karim Florent,0,1,0,1
FRA,LACAN Leila,0,1,0,1
FRA,LASSOURCE Coralie,0,1,0,1
FRA,LOCKO Bradley,0,1,0,1
FRA,MATETA Jean-Philippe,0,1,0,1
FRA,LUKEBA Castello,0,1,0,1
FRA,MALONGA Dominique,0,1,0,1
FRA,LOUIS-MARIE Alexandra,0,1,0,1
FRA,MADOUAS Valentin,0,1,0,1
FRA,MAGASSA Soungoutou,0,1,0,1
FRA,LESSORT Mathias,0,1,0,1
FRA,NZE MINKO Estelle,0,1,0,1
FRA,NOLOT Lauriane,0,1,0,1
FRA,MATSIMA Chrislain,0,1,0,1
FRA,MILLOT Enzo,0,1,0,1
FRA,MICHEL BOURY Sarah,0,1,0,1
FRA,NTILIKINA Frank,0,1,0,1
FRA,NOCANDY Meline,0,1,0,1
FRA,NKAMBADIO Obed,0,1,0,1
FRA,OUMIHA Sofiane,0,1,0,1
FRA,SAKO Hatadou,0,1,0,1
FRA,OLISE Michael,0,1,0,1
FRA,RUPERT Iliana,0,1,0,1
FRA,ONDONO Onacia,0,1,0,1
FRA,RESTES Guillaume,0,1,0,1
FRA,RAMBAUT Jules,0,1,0,1
FRA,SEGUELA Franck,0,1,0,1
FRA,SAMBA-MAYELA Cyrena,0,1,0,1
FRA,TOUBLANC Alicia,0,1,0,1
FRA,SILDILLIA Kiliann,0,1,0,1
FRA,TOUZAINT Nicolas,0,1,0,1
FRA,TRUFFERT Adrien,0,1,0,1
FRA,STRAZEL Matthew,0,1,0,1
FRA,SALAUN Janelle,0,1,0,1
FRA,YABUSELE Guerschon,0,1,0,1
FRA,VALENTINI Chloe,0,1,0,1
FRA,VALLADONT Jean-Charles,0,1,0,1
FRA,WILLIAMS Gabby,0,1,0,1
FRA,WEMBANYAMA Victor,0,1,0,1
FRA,VERGIAT Timothe,0,1,0,1
FRA,VITALIS Coraline,0,1,0,1
GBR,CLARKE Joseph,0,1,0,1
GBR,ASHER-SMITH Dina,0,1,0,1
FRA,ZAADI DEUNA Grace,0,1,0,1
GBR,BURGESS Adam,0,1,0,1
GBR,BOOTH Esme,0,1,0,1
GBR,DALEY Thomas,0,1,0,1
GBR,BIGHAM Daniel,0,1,0,1
GBR,CUNNINGHAM Caden,0,1,0,1
GBR,GLOVER Helen,0,1,0,1
GBR,HENDERSON Anna,0,1,0,1
GBR,GEORGE Tom,0,1,0,1
GBR,FLEETWOOD Tommy,0,1,0,1
GBR,HAYTER Ethan,0,1,0,1
GBR,HENRY Desiree,0,1,0,1
GBR,EVANS Neah,0,1,0,1
GBR,LOWE Ed,0,1,0,1
GBR,LANSIQUOT Imani,0,1,0,1
GBR,JOHNSON-THOMPSON Katarina,0,1,0,1
GBR,PROUD Benjamin,0,1,0,1
GBR,PEATY Adam,0,1,0,1
GBR,HUNT Amy,0,1,0,1
GBR,KERR Josh,0,1,0,1
GBR,NEITA Daryll,0,1,0,1
GBR,SHORTMAN Kate,0,1,0,1
GBR,TURNBULL Hamish,0,1,0,1
GBR,SHORTEN Rebecca,0,1,0,1
GBR,REDGRAVE Sam,0,1,0,1
GBR,TANFIELD Charlie,0,1,0,1
GBR,THORPE Isabelle,0,1,0,1
GBR,REILLY Kieran Darren David,0,1,0,1
GBR,RUTTER Amber Jo,0,1,0,1
GBR,WOOD Oliver,0,1,0,1
GEO,MATCHARASHVILI Givi,0,1,0,1
GBR,VERNON Ethan,0,1,0,1
GBR,WILLIAMS Bianca,0,1,0,1
GBR,WYNNE-GRIFFITH Oliver,0,1,0,1
GEO,GRIGALASHVILI Tato,0,1,0,1
GEO,SULAMANIDZE Ilia,0,1,0,1
GER,GRAMBUSCH Mats,0,1,0,1
GER,BRUESSLER Sarah,0,1,0,1
GER,GOLLA Johannes,0,1,0,1
GER,DAHMKE Rune,0,1,0,1
GER,DANNEBERG Jean-Paul,0,1,0,1
GER,BUTKEREIT Miriam,0,1,0,1
GER,EHLERS Nils,0,1,0,1
GER,FISCHER Justus,0,1,0,1
GER,HAEFNER Kai,0,1,0,1
GER,HELLWIG Malte,0,1,0,1
GER,HENSELEIT Esther,0,1,0,1
GER,GROSSE Johannes,0,1,0,1
GER,GRAMBUSCH Tom,0,1,0,1
GER,HEYMANN Sebastian,0,1,0,1
GER,GRGIC Marko,0,1,0,1
GER,JAGSCH Pauline,0,1,0,1
GER,KOHLBACHER Jannik,0,1,0,1
GER,KNORR Juri,0,1,0,1
GER,KOESTER Julian,0,1,0,1
GER,KAUFMANN Paul-Philipp,0,1,0,1
GER,KLEMET Oliver,0,1,0,1
GER,HORNKE Tim,0,1,0,1
GER,HINRICHS Teo,0,1,0,1
GER,MILTKAU Marco,0,1,0,1
GER,LILIK Elena,0,1,0,1
GER,MIHAMBO Malaika,0,1,0,1
GER,MERTENS Lukas,0,1,0,1
GER,LUDWIG Moritz,0,1,0,1
GER,KROPPEN Michelle,0,1,0,1
GER,MUELLER Hannes,0,1,0,1
GER,STEINERT Christoph,0,1,0,1
GER,NEUGEBAUER Leo,0,1,0,1
GER,MUELLER Mathias,0,1,0,1
GER,PEILLAT Gonzalo,0,1,0,1
GER,SPAETH David,0,1,0,1
GER,RUEHR Christopher,0,1,0,1
GER,PRINZ Thies,0,1,0,1
GER,UNRUH Florian,0,1,0,1
GER,ZWICKER Martin,0,1,0,1
GER,WITZKE Luca,0,1,0,1
GER,WEIGAND Justus,0,1,0,1
GER,WINDFEDER Lukas,0,1,0,1
GER,WELLEN Niklas,0,1,0,1
GER,USCINS Renars,0,1,0,1
GER,WICKLER Clemens,0,1,0,1
GER,WOLFF Andreas,0,1,0,1
HUN,HALASZ Bence,0,1,0,1
HUN,GEMESI Csanad,0,1,0,1
HUN,NADAS Bence,0,1,0,1
GRE,CHRISTOU Apostolos,0,1,0,1
HUN,SZILAGYI Aron,0,1,0,1
HUN,SZATMARI Andras,0,1,0,1
HUN,RABB Krisztian,0,1,0,1
IND,CHOPRA Neeraj,0,1,0,1
IRI,MOHMADIPIANI Alireza,0,1,0,1
HUN,TOTKA Sandor,0,1,0,1
IRI,KIYANICHANDEH Nahid,0,1,0,1
HUN,VARGA Adam,0,1,0,1
IRI,BARKHORDARI Mehran,0,1,0,1
IRI,AMOUZADKHALILI Rahman,0,1,0,1
IRI,YAZDANICHARATI Hassan,0,1,0,1
ISR,DOLGOPYAT Artem,0,1,0,1
IRI,ZARE Amir Hossein,0,1,0,1
ISR,FRIEDMANN Adar,0,1,0,1
ISR,LANIR Inbar,0,1,0,1
ISR,HERSHKO Raz,0,1,0,1
ISR,BAKANOV Shani,0,1,0,1
ISR,KANTOR Sharon,0,1,0,1
ISR,PARITZKI Romi,0,1,0,1
ISR,SVERTSOV Diana,0,1,0,1
ITA,CHIUMENTO Luca,0,1,0,1
ITA,CASADEI Gabriele,0,1,0,1
ITA,BATTOCLETTI Nadia,0,1,0,1
ISR,SHAHAM Ofir,0,1,0,1
ITA,ANDREOLI Angela,0,1,0,1
ITA,BIANCHI Guillaume,0,1,0,1
ITA,IORIO Elisa,0,1,0,1
ITA,FOCONI Alessio,0,1,0,1
ITA,MALDINI Federico Nilo,0,1,0,1
ITA,MARINI Tommaso,0,1,0,1
ITA,FAVARETTO Martina,0,1,0,1
ITA,ERRIGO Arianna,0,1,0,1
ITA,GENTILI Giacomo,0,1,0,1
ITA,PALUMBO Francesca,0,1,0,1
ITA,STANCO Silvana Maria,0,1,0,1
ITA,OPPO Stefano,0,1,0,1
ITA,VILLA Giorgia,0,1,0,1
ITA,PANIZZA Andrea,0,1,0,1
ITA,TACCHINI Carlo,0,1,0,1
ITA,SOARES Gabriel,0,1,0,1
ITA,RAMBALDI Luca,0,1,0,1
JPN,ABE Uta,0,1,0,1
JOR,KAREEM Zaid,0,1,0,1
JAM,THOMPSON Kishane,0,1,0,1
ITA,VIVIANI Elia,0,1,0,1
JAM,RICKETTS Shanieka,0,1,0,1
JPN,AKAMA Liz,0,1,0,1
JAM,PINNOCK Wayne,0,1,0,1
ITA,VOLPI Alice,0,1,0,1
JPN,MINOBE Kazuyasu,0,1,0,1
JPN,HIRANO Miu,0,1,0,1
JPN,ANRAKU Sorato,0,1,0,1
JPN,KOMATA Akira,0,1,0,1
JPN,MATSUSHITA Tomoyuki,0,1,0,1
JPN,HARIMOTO Miwa,0,1,0,1
JPN,HIRAKI Cocona,0,1,0,1
JPN,NIIZOE Saki,0,1,0,1
JPN,TAKAICHI Miku,0,1,0,1
JPN,TAKAYAMA Rika,0,1,0,1
JPN,SAITO Tatsuru,0,1,0,1
JPN,SATO Taishu,0,1,0,1
JPN,TAKATANI Daichi,0,1,0,1
JPN,SONE Akira,0,1,0,1
JPN,OKADA Keiju,0,1,0,1
KAZ,ORALBAY Nurbek,0,1,0,1
KAZ,ZHADRAYEV Demeu,0,1,0,1
JPN,WOLF Aaron,0,1,0,1
JPN,YOSHIOKA Miho,0,1,0,1
KAZ,KURBANOV Nariman,0,1,0,1
JPN,YAMADA Masaru,0,1,0,1
JPN,TAMAI Rikuto,0,1,0,1
KEN,KWEMOI Ronald,0,1,0,1
KOR,JEON Hayoung,0,1,0,1
KOR,JEON Eunhye,0,1,0,1
KGZ,SEIITBEK UULU Munarbek,0,1,0,1
KGZ,ZHUMANAZAROVA Meerim,0,1,0,1
KOR,CHO Yeongjae,0,1,0,1
KOR,JEONG Na Eun,0,1,0,1
KOR,CHOI Sebin,0,1,0,1
KOR,PARK Hajun,0,1,0,1
KOS,KRASNIQI Distria,0,1,0,1
KOR,KIM Yeji,0,1,0,1
KOR,KEUM Jihyeon,0,1,0,1
KOR,KIM Won Ho,0,1,0,1
KOR,PARK Hyejeong,0,1,0,1
KOR,YOON Jisu,0,1,0,1
LTU,ALEKNA Mykolas,0,1,0,1
MEX,CELAYA HERNANDEZ Juan Manuel,0,1,0,1
NED,BROENINK Stef,0,1,0,1
MDA,NICHITA Anastasia,0,1,0,1
MEX,AWITI ALCARAZ Prisca,0,1,0,1
MEX,VERDE ALVAREZ Marco Alonso,0,1,0,1
MGL,BAVUUDORJ Baasankhuu,0,1,0,1
LTU,NICKA,0,1,0,1
NED,MOLENAAR Olav,0,1,0,1
NED,DULLEMANS Tessa,0,1,0,1
NED,MAKKER Mick,0,1,0,1
NED,de WITTE Lisanne,0,1,0,1
NED,KNAB Ruben,0,1,0,1
NED,de GRAAF Sander,0,1,0,1
NED,FETTER Dieuwke,0,1,0,1
NED,de JONG Roos,0,1,0,1
NED,RIENKS Ralf,0,1,0,1
NED,van de WOUW Hetty,0,1,0,1
NED,SAALBERG Eveline,0,1,0,1
NED,TWELLAAR Melvin,0,1,0,1
NED,van der BIJ Jan,0,1,0,1
NED,van de KERKHOF Jacob,0,1,0,1
NED,PAULIS Bente,0,1,0,1
NED,YOUSSIFOU Laila,0,1,0,1
NED,van der SCHOOT Myrte,0,1,0,1
NED,VOS Marianne,0,1,0,1
NED,VEENSTRA Manon,0,1,0,1
NOR,WARHOLM Karsten,0,1,0,1
NZL,BOTHA Bryony,0,1,0,1
NED,van DOORN Gert-Jan,0,1,0,1
NZL,FULTON Shaane,0,1,0,1
NZL,McKENZIE William,0,1,0,1
NZL,MURRAY Tom,0,1,0,1
NZL,SHEARMAN Emily,0,1,0,1
NZL,PETCH Rebecca,0,1,0,1
NZL,MACDONALD Matt,0,1,0,1
NZL,MACLEAN Ollie,0,1,0,1
NZL,McHARDIE Isaac,0,1,0,1
NZL,TWIGG Emma,0,1,0,1
POL,BIENIEK Mateusz,0,1,0,1
POL,BOLADZ Bartlomiej,0,1,0,1
PAN,BYLON Atheyna Bibeichi,0,1,0,1
NZL,WESCHE Maddison-Lee,0,1,0,1
NZL,ULLRICH Logan,0,1,0,1
NZL,WILDE Hayden,0,1,0,1
NZL,SHIELDS Nicole,0,1,0,1
POL,FORNAL Tomasz,0,1,0,1
POL,KUREK Bartosz,0,1,0,1
POL,LOMACZ Grzegorz,0,1,0,1
POL,KACZMAREK Lukasz,0,1,0,1
POL,LEON VENERO Wilfredo,0,1,0,1
POL,HUBER Norbert,0,1,0,1
POL,JANUSZ Marcin,0,1,0,1
POL,KOCHANOWSKI Jakub,0,1,0,1
POL,SEMENIUK Kamil,0,1,0,1
POL,SLIWKA Aleksander,0,1,0,1
POL,SZEREMETA Julia,0,1,0,1
POL,ZATORSKI Pawel,0,1,0,1
POL,PIKULIK Daria,0,1,0,1
POR,PICHARDO Pedro,0,1,0,1
POL,ZWOLINSKA Klaudia,0,1,0,1
ROU,van GRONINGEN Gianina Elena,0,1,0,1
RSA,MASWANGANYI Shaun,0,1,0,1
PRK,JO Jin Mi,0,1,0,1
PRK,RI Jong Sik,0,1,0,1
PRK,KIM Kum Yong,0,1,0,1
ROU,CAMBEI Mihaela Valentina,0,1,0,1
RSA,NKOANA Bradley,0,1,0,1
ROU,COZMIUC Ionela Livia,0,1,0,1
SRB,PERISIC Aleksandra,0,1,0,1
RSA,van DYK Jo-Ane,0,1,0,1
SLO,VODISEK Toni,0,1,0,1
SUI,DERRON Julie,0,1,0,1
RSA,WALAZA Bayanda,0,1,0,1
RSA,SIMBINE Akani,0,1,0,1
SUI,GUERDAT Steve,0,1,0,1
SWE,KARLSSON Kristian,0,1,0,1
THA,SILACHAI Theerapong,0,1,0,1
SWE,LINDGREN Victor,0,1,0,1
THA,VITIDSARN Kunlavut,0,1,0,1
SWE,BOBECK Vilma,0,1,0,1
THA,WICHUMA Weeraphon,0,1,0,1
SWE,KALLBERG Anton,0,1,0,1
SWE,NETZLER Rebecca,0,1,0,1
TUR,DIKEC Yusuf,0,1,0,1
TUR,TARHAN Sevval Ilayda,0,1,0,1
UGA,CHEMUTAI Peruth,0,1,0,1
TUR,AKBAS Hatice,0,1,0,1
TUN,FERJANI Fares,0,1,0,1
TUR,CAKIROGLU Buse Naz,0,1,0,1
UKR,KOLIADENKO Iryna,0,1,0,1
USA,ALVAREZ Anita,0,1,0,1
UKR,NASIBOV Parviz,0,1,0,1
UKR,KOVTUN Illia,0,1,0,1
USA,BACON Sarah,0,1,0,1
UKR,RYBACHOK Anastasiia,0,1,0,1
USA,BATTEN Haley,0,1,0,1
UKR,KULISH Serhiy,0,1,0,1
UKR,LUZAN Liudmyla,0,1,0,1
USA,BENEGAS Perris,0,1,0,1
USA,CARLINI Lauren,0,1,0,1
USA,COOK Karl,0,1,0,1
USA,BLADES Kennedy Alexis,0,1,0,1
USA,COCKRELL Anna,0,1,0,1
USA,BEDNAREK Kenneth,0,1,0,1
USA,CONNOLLY Erika,0,1,0,1
USA,COOK Kassidy,0,1,0,1
USA,CURRY Brooks,0,1,0,1
USA,FIELD Megumi,0,1,0,1
USA,ECHIKUNWOKE Annette Nneka,0,1,0,1
USA,CZARKOWSKI Jaime,0,1,0,1
USA,DREWS Andrea,0,1,0,1
USA,GEMMELL Erin,0,1,0,1
USA,EATON Jagger,0,1,0,1
USA,KIBLER Drew,0,1,0,1
USA,KNIBB Taylor,0,1,0,1
USA,HEILMAN Thomas,0,1,0,1
USA,HUNTER Keana,0,1,0,1
USA,HARRISON Nevin,0,1,0,1
USA,KENDRICKS Sam,0,1,0,1
USA,HANCOCK Micha,0,1,0,1
USA,GRIMES Katie,0,1,0,1
USA,KWON Audrey,0,1,0,1
USA,LEE Spencer Richard,0,1,0,1
USA,KRAUT Laura,0,1,0,1
USA,KOVACS Joe,0,1,0,1
USA,KRAJICEK Austin,0,1,0,1
USA,LARSON Jordan,0,1,0,1
USA,LIU Calista,0,1,0,1
USA,OGBOGU Chiaka,0,1,0,1
USA,LUU Jacklyn,0,1,0,1
USA,PEPLOWSKI Anna,0,1,0,1
USA,MOON Katie,0,1,0,1
USA,MADDALENA Sagen,0,1,0,1
USA,McEWEN Shelby,0,1,0,1
USA,PEARSON Morgan,0,1,0,1
USA,PIERONI Blake,0,1,0,1
USA,RABOUTOU Brooke,0,1,0,1
USA,PLUMMER Kathryn,0,1,0,1
USA,POULTER Jordyn,0,1,0,1
USA,RAMIREZ Daniella,0,1,0,1
USA,RAM Rajeev,0,1,0,1
USA,REMATI Ruby,0,1,0,1
USA,PRINCE Conner Lynn,0,1,0,1
USA,RIDER Seth,0,1,0,1
USA,RETTKE Dana,0,1,0,1
USA,ROBINSON Kelsey,0,1,0,1
USA,SKINNER Avery,0,1,0,1
USA,SCHAAR Tom,0,1,0,1
USA,ROBERTS Daniel,0,1,0,1
USA,SMITH Kieran,0,1,0,1
USA,ROOKS Kenneth,0,1,0,1
USA,WEINSTEIN Claire,0,1,0,1
USA,SPIVEY Taylor,0,1,0,1
UZB,OSIPOVA Svetlana,0,1,0,1
USA,WARD McLain,0,1,0,1
USA,WONG-ORANTES Justine,0,1,0,1
USA,WASHINGTON Haleigh,0,1,0,1
USA,THOMPSON Jordan,0,1,0,1
UZB,DJURAEV Akbar,0,1,0,1
ARG,ALBERTARRIO Agustina,0,0,1,1
ALB,DUDAEV Islam,0,0,1,1
AIN,TSIKHANTSOU Yauheni,0,0,1,1
ARG,CAIRO Sofia,0,0,1,1
ARG,ALONSO Agostina,0,0,1,1
ALB,VALIEV Chermen,0,0,1,1
ALG,SEDJATI Djamel,0,0,1,1
ARG,GORZELANY Agustina,0,0,1,1
ARG,CAMPOY Maria,0,0,1,1
ARG,COSENTINO Cristina,0,0,1,1
ARG,GRANATTO Maria,0,0,1,1
ARG,JANKUNAS Julieta,0,0,1,1
ARG,DIAZ de ARMAS Zoe,0,0,1,1
ARG,CASTELLARO MORELLO Juana,0,0,1,1
ARG,CASAS Lara,0,0,1,1
ARG,RAPOSO RUIZ de los LLANOS Valentina,0,0,1,1
ARG,SAUZE VALDEZ Victoria,0,0,1,1
ARM,AMOYAN Malkhas,0,0,1,1
ARG,SANCHEZ MOCCIA Rocio,0,0,1,1
ARG,TOCCALINO Sofia,0,0,1,1
ARG,TRINCHINETTI Eugenia,0,0,1,1
AUS,ATWELL Amy,0,0,1,1
AUS,DIEHM Natalya,0,0,1,1
AUS,COWLEY Rhydian,0,0,1,1
AUS,BORLASE Isobel,0,0,1,1
AUS,GIULIANI Maximillian,0,0,1,1
AUS,DENNY Matthew,0,0,1,1
AUS,GREEN Tom,0,0,1,1
AUS,GEORGE Cayla,0,0,1,1
AUS,HOFFMAN Leigh,0,0,1,1
AUS,McINTYRE Annabelle,0,0,1,1
AUS,MELBOURNE Jade,0,0,1,1
AUS,JACKSON Lauren,0,0,1,1
AUS,MORRISON Jess,0,0,1,1
AUS,MAGBEGOR Ezi,0,0,1,1
AUS,MADGEN Tess,0,0,1,1
AUS,INCERTI Zac,0,0,1,1
AUS,SMITH Penny,0,0,1,1
AUS,SENIOR Charlie,0,0,1,1
AUS,NEILL Thomas,0,0,1,1
AUS,TEMPLE Matthew,0,0,1,1
AUS,PATTERSON Eleanor,0,0,1,1
AUS,TALBOT Steph,0,0,1,1
AUS,SMITH Alanna,0,0,1,1
AUS,PARKER Caitlin,0,0,1,1
AUS,WALLACE Kristy,0,0,1,1
AUS,YONG Joshua,0,0,1,1
AUT,PILZ Jessica,0,0,1,1
AUS,TOLO Marianna,0,0,1,1
AUS,WHITCOMB Sami,0,0,1,1
AUT,SCHUBERT Jakob,0,0,1,1
AUT,POLLERES Michaela,0,0,1,1
AUS,van der WESTHUYZEN Jean,0,0,1,1
BEL,CHAARI Sarah,0,0,1,1
AZE,JAFAROV Hasrat,0,0,1,1
AZE,MESHVILDISHVILI Giorgi,0,0,1,1
AZE,MAGOMEDOV Magomedkhan,0,0,1,1
BEL,van den BOSSCHE Fabio,0,0,1,1
BEL,KOPECKY Lotte,0,0,1,1
BEL,van AERT Wout,0,0,1,1
BRA,BERGMANN Julia Isabelle,0,0,1,1
BRA,ARAUJO Natalia,0,0,1,1
BRA,AKIO Augusto,0,0,1,1
BRA,BARBOSA Jade,0,0,1,1
BRA,ALEXANDRE COSTA NUNES Nyeme Victor.,0,0,1,1
BEL,VIDTS Noor,0,0,1,1
BRA,BRAGA GUIMARAES Gabriela,0,0,1,1
BEL,WILLEMS Gabriella,0,0,1,1
BRA,DAHER de MENEZES Thaisa,0,0,1,1
BRA,GERALDO TEIXEIRA Lorenne,0,0,1,1
BRA,CARGNIN Daniel,0,0,1,1
BRA,da SILVA Ana Carolina,0,0,1,1
BRA,dos SANTOS Alison,0,0,1,1
BRA,DUARTE ALECRIM Diana,0,0,1,1
BRA,GONCALVES Leonardo,0,0,1,1
BRA,OLIVEIRA Lorrane,0,0,1,1
BRA,MONTIBELLER Rosamaria,0,0,1,1
BRA,LEMES SANTOS Tainara,0,0,1,1
BRA,MENEZES OLIVEIRA de SOUZA Ana Cris.,0,0,1,1
BRA,MEDINA Gabriel,0,0,1,1
BRA,MACEDO Rafael,0,0,1,1
BRA,LEAL Rayssa,0,0,1,1
BRA,PONTES Edival,0,0,1,1
BRA,QUADROS Ketleyn,0,0,1,1
BRA,SARAIVA Flavia,0,0,1,1
BRA,SILVA CARNEIRO Macris Fernanda,0,0,1,1
BRA,SCHIMIDT Guilherme,0,0,1,1
BRA,SILVA Rafaela,0,0,1,1
BRA,RATZKE Roberta Silva,0,0,1,1
BRA,SOARES FERREIRA Beatriz Iasmin,0,0,1,1
BRA,SILVA Rafael,0,0,1,1
BUL,KIMIA Alizadeh,0,0,1,1
CAN,DABROWSKI Gabriela,0,0,1,1
BUL,ANDREEV Bozhidar Dimitrov,0,0,1,1
BRN,MINASYAN Gor,0,0,1,1
CAN,AUGER-ALIASSIME Felix,0,0,1,1
BUL,IBANEZ DIAZ Javier,0,0,1,1
BRA,SOARES Julia,0,0,1,1
CAN,WIENS Rylan,0,0,1,1
CAN,HARVEY Eleanor,0,0,1,1
CAN,MASSE Kylie,0,0,1,1
CAN,MACKENZIE Sloan,0,0,1,1
CAN,METHOT Sophiane,0,0,1,1
CAN,SANFORD Wyatt,0,0,1,1
CAN,NEWMAN Alysha,0,0,1,1
CAN,PARK Skylar,0,0,1,1
CHN,671,0,0,1,1
CAN,ZSOMBOR-MURRAY Nathan,0,0,1,1
CHN,CHENG Yujie,0,0,1,1
CHN,JIANG Yiting,0,0,1,1
CHN,FENG Ziqi,0,0,1,1
CHN,HONG Kexin,0,0,1,1
CHN,GE Chutong,0,0,1,1
CHN,LI Bingjie,0,0,1,1
CHN,LYU Jianlin,0,0,1,1
CHN,MENG Lingzhe,0,0,1,1
CHN,MA Zhenzhao,0,0,1,1
CHN,LIN Xiyu Janet,0,0,1,1
CHN,LIANG Yushuai,0,0,1,1
CHN,KONG Yaqi,0,0,1,1
CHN,LIU Yaxin,0,0,1,1
CHN,WANG Xinjie,0,0,1,1
CHN,TANG Muhan,0,0,1,1
CHN,WANG Xueer,0,0,1,1
CHN,SONG Jiayuan,0,0,1,1
CHN,WAN Letian,0,0,1,1
CHN,PANG Qianyu,0,0,1,1
CHN,WANG Shun,0,0,1,1
CRO,ELKASEVIC Sandra,0,0,1,1
CHN,ZHANG Qiongyue,0,0,1,1
CHN,YAN Langyu,0,0,1,1
CIV,CISSE Cheick Sallah,0,0,1,1
CPV,de PINA David,0,0,1,1
CHN,ZHAO Jie,0,0,1,1
COL,RENTERIA RENTERIA Tatiana,0,0,1,1
CRO,MARICIC Miran,0,0,1,1
CZE,BERAN Jiri,0,0,1,1
CUB,ROSILLO KINDELAN Gabriel Alejandro,0,0,1,1
CUB,MARIN POTRILLE Milaimy de la Carid.,0,0,1,1
CUB,ALBA Rafael,0,0,1,1
CRO,STOJKOVIC Lena,0,0,1,1
CUB,LOPEZ CARDONA Arlen,0,0,1,1
CUB,ORTA SANCHEZ Luis Alberto,0,0,1,1
CUB,CIRILO DUBOYS Yarisleidis,0,0,1,1
CZE,RUBES Martin,0,0,1,1
DEN,ELVER Helena,0,0,1,1
CZE,CUPR Michal,0,0,1,1
DEN,BISULTANOV Turpal Ali,0,0,1,1
CZE,JURKA Jakub,0,0,1,1
CZE,OGRODNIKOVA Nikola,0,0,1,1
DEN,AABERG IVERSEN Sarah,0,0,1,1
DEN,HRNIC Edi,0,0,1,1
DEN,FRIIS Emma,0,0,1,1
DEN,IVERSEN Rikke,0,0,1,1
DEN,HANSEN Anne Mette,0,0,1,1
DEN,HOEJLUND Mie,0,0,1,1
DEN,JOERGENSEN Kristina,0,0,1,1
DEN,HAUGSTED Line,0,0,1,1
DEN,HEINDAHL Kathrine,0,0,1,1
DEN,TOFT Sandra,0,0,1,1
DEN,MOELLER Michala,0,0,1,1
DEN,LARSEN Niklas,0,0,1,1
DEN,JORGENSEN Emma Aastrand,0,0,1,1
DEN,MOERKOEV Michael,0,0,1,1
DEN,REINHARDT Althea,0,0,1,1
DEN,OESTERGAARD Trine,0,0,1,1
DEN,TRANBORG Mette,0,0,1,1
DOM,ALCANTARA REYES Yunior,0,0,1,1
EGY,ELSAYED Mohamed,0,0,1,1
ECU,PALACIOS DAJOMES Angie Paola,0,0,1,1
ECU,DAJOMES BARRERA Neisi Patricia,0,0,1,1
DOM,PINALES Cristian Javier,0,0,1,1
EOR,DJANKEU NGAMBA Cindy Winner,0,0,1,1
DEN,VINTER BURGAARD Louise,0,0,1,1
ESP,AREVALO Carlos,0,0,1,1
ESP,CORRALES Rodrigo,0,0,1,1
ESP,CASADO Agustin,0,0,1,1
ESP,CRAVIOTTO Saul,0,0,1,1
ESP,COOPER Marcus,0,0,1,1
ESP,DOMINGUEZ Diego,0,0,1,1
ESP,BUCSA Cristina,0,0,1,1
ESP,FERNANDEZ Daniel,0,0,1,1
ESP,DUJSHEBAEV Daniel,0,0,1,1
ESP,ECHANIZ Pau,0,0,1,1
ESP,FIGUERAS Adrian,0,0,1,1
ESP,FERRE GASET Txell,0,0,1,1
ESP,DUJSHEBAEV Alex,0,0,1,1
ESP,GARCIANDIA Imanol,0,0,1,1
ESP,GARCIA POLO Marina,0,0,1,1
ESP,LLUIS VALETTE Lilou,0,0,1,1
ESP,GERMADE Rodrigo,0,0,1,1
ESP,MORENO Joan Antoni,0,0,1,1
ESP,GARRIGOS Francisco,0,0,1,1
ESP,MAQUEDA Jorge,0,0,1,1
ESP,ODRIOZOLA Kauldi,0,0,1,1
ESP,GOMEZ Aleix,0,0,1,1
ESP,MAS PUJADAS Meritxell,0,0,1,1
ESP,REYES PLA Enmanuel,0,0,1,1
ESP,SANCHEZ-MIGALLON Miguel,0,0,1,1
ESP,RAMIREZ IBANEZ Paula,0,0,1,1
ESP,SALDANA LOPEZ Sara,0,0,1,1
ESP,OZHOGINA OZHOGIN Alisa,0,0,1,1
ESP,RODRIGUEZ Javier,0,0,1,1
ESP,PEREZ de VARGAS Gonzalo,0,0,1,1
FRA,ABOUDOU MOINDZE Djamili-Dini,0,0,1,1
ESP,TOLEDANO LAUT Blanca,0,0,1,1
FRA,APITHY Bolade,0,0,1,1
FRA,BARBELIN Lisa,0,0,1,1
ESP,SERDIO Abel,0,0,1,1
ESP,SORRIBES TORMO Sara,0,0,1,1
ESP,TIO CASAS Iris,0,0,1,1
ESP,TARRAFETA Ian,0,0,1,1
FRA,CHASTANET Maximilien,0,0,1,1
FRA,DEFAY Johanne,0,0,1,1
FRA,DELESTRE Simon,0,0,1,1
FRA,EPAILLARD Julien,0,0,1,1
FRA,FENTE--DAMERS Rafael,0,0,1,1
FRA,GAUZY Simon,0,0,1,1
FRA,BERGERE Leo,0,0,1,1
FRA,MERTINE Julien,0,0,1,1
FRA,LAPORTE Christophe,0,0,1,1
FRA,MAHIEU Romain,0,0,1,1
FRA,GROUSSET Maxime,0,0,1,1
FRA,JEANJEAN Anthony,0,0,1,1
FRA,LEFORT Enzo,0,0,1,1
FRA,LEBRUN Alexis,0,0,1,1
FRA,NDOYE-BROUARD Yohann,0,0,1,1
FRA,PATRICE Jean-Philippe,0,0,1,1
FRA,RAVET Cyrian,0,0,1,1
FRA,PERREAU Olivier,0,0,1,1
FRA,PICON Charline,0,0,1,1
FRA,PIANFETTI Maxime,0,0,1,1
FRA,PATRICE Sebastien,0,0,1,1
FRA,PAUTY Maxime,0,0,1,1
GBR,AMBLER David,0,0,1,1
GBR,ALDRIDGE Matt,0,0,1,1
GBR,AZU Jeremiah,0,0,1,1
FRA,STEYAERT Sarah,0,0,1,1
GBR,CAMPBELL Emily,0,0,1,1
GBR,BELL Georgia,0,0,1,1
FRA,SECCHI Clement,0,0,1,1
GBR,BROWN Sky,0,0,1,1
GBR,DICKINSON Samuel,0,0,1,1
GBR,DAVIDSON Freddie,0,0,1,1
GBR,DUNFORD Holly,0,0,1,1
GBR,CAMPBELL-ORDE Annie,0,0,1,1
GBR,FORD Emily,0,0,1,1
GBR,DOBSON Charles,0,0,1,1
GBR,DAVEY Lewis,0,0,1,1
GBR,FIELDMAN Henry,0,0,1,1
GBR,HARPER Yasmin,0,0,1,1
GBR,HODGKINS BYRNE Mathilda,0,0,1,1
GBR,HARRIES Toby,0,0,1,1
GBR,HESTER Carl,0,0,1,1
GBR,HARDING Anthony,0,0,1,1
GBR,HEPWORTH Harry,0,0,1,1
GBR,HINCHLIFFE Louie,0,0,1,1
GBR,JOHN Yemi Mary,0,0,1,1
GBR,HUGHES Zharnel,0,0,1,1
GBR,LAUGHER Jack,0,0,1,1
GBR,IRWIN Lauren,0,0,1,1
GBR,KILTY Richard,0,0,1,1
GBR,JARMAN Jake,0,0,1,1
GBR,KNIGHT Josie,0,0,1,1
GBR,KELLY Hannah,0,0,1,1
GBR,MOODY Becky,0,0,1,1
GBR,LONG Heidi,0,0,1,1
GBR,MEW JENSEN Scarlett,0,0,1,1
GBR,MORRIS Anna,0,0,1,1
GBR,MITCHELL-BLAKE Nethaneel,0,0,1,1
GBR,NIELSEN Lina,0,0,1,1
GBR,McKELLAR Rowan,0,0,1,1
GBR,OHURUOGU Victoria,0,0,1,1
GBR,TAYLOR Harriet,0,0,1,1
GBR,STEWART Eve,0,0,1,1
GBR,TOULSON Lois,0,0,1,1
GBR,ROBERTS Jessica,0,0,1,1
GBR,RICHARDSON Lewis,0,0,1,1
GBR,TAYLOR-BROWN Georgia,0,0,1,1
GBR,SPENDOLINI SIRIEIX Andrea,0,0,1,1
GBR,WILSON Emma,0,0,1,1
GER,BERGER Ann-Katrin,0,0,1,1
GEO,GURULI Lasha,0,0,1,1
GBR,WILLIAMS Jodie,0,0,1,1
GER,ANYOMI Nicole,0,0,1,1
GBR,WILKES Oliver,0,0,1,1
GBR,WILDE Rebecca,0,0,1,1
GER,GOSE Isabel,0,0,1,1
GER,BUEHL Klara,0,0,1,1
GER,BRAND Jule,0,0,1,1
GER,FREIGANG Laura,0,0,1,1
GER,DOORSOUN Sara,0,0,1,1
GER,BURGHARDT Alexandra,0,0,1,1
GER,FROHMS Merle,0,0,1,1
GER,ENDEMANN Vivien,0,0,1,1
GER,GREITEN Pia,0,0,1,1
GER,HAASE Rebekka,0,0,1,1
GER,HEGGE Noah,0,0,1,1
GER,HENDRICH Kathrin,0,0,1,1
GER,HINZE Emma,0,0,1,1
GER,HEGERING Marina,0,0,1,1
GER,GRABOSCH Pauline,0,0,1,1
GER,GWINN Giulia,0,0,1,1
GER,MAYER Lisa,0,0,1,1
GER,JUNK Sophia,0,0,1,1
GER,LUECKENKEMPER Gina,0,0,1,1
GER,LINDER Sarai,0,0,1,1
GER,MENZEL Leonie,0,0,1,1
GER,MINGE Janina,0,0,1,1
GER,LOHMANN Sydney,0,0,1,1
GER,SCHULZE SOLANO Bibiane,0,0,1,1
GER,POPP Alexandra,0,0,1,1
GER,SCHENDEKEHL Tabea,0,0,1,1
GER,RAUCH Felicitas,0,0,1,1
GER,TIAFACK Nelvie Raman,0,0,1,1
GER,NUESKEN Sjoeke,0,0,1,1
GER,SCHUELLER Lea,0,0,1,1
GER,SENSS Elisa,0,0,1,1
GRE,KURUGLIEV Dauren,0,0,1,1
GRE,FITSIOU Zoi,0,0,1,1
GRE,PAPAKONSTANTINOU Antonios,0,0,1,1
GRE,KARALIS Emmanouil,0,0,1,1
GRE,KONTOU Dimitra,0,0,1,1
GER,VOELZ Maren,0,0,1,1
GRE,GKAIDATZIS Petros,0,0,1,1
HUN,KOPASZ Balint,0,0,1,1
HUN,BETLEHEM David,0,0,1,1
GUA,BROL CARDENAS Jean Pierre,0,0,1,1
GRE,TSELIDIS Theodoros,0,0,1,1
GRN,PETERS Anderson,0,0,1,1
GRN,VICTOR Lindon,0,0,1,1
GRE,PETROUNIAS Eleftherios,0,0,1,1
HUN,MAJOR Veronika,0,0,1,1
INA,TUNJUNG Gregoria Mariska,0,0,1,1
IND,AMAN Aman,0,0,1,1
IND,ABHISHEK Abhishek,0,0,1,1
IND,KUSALE Swapnil,0,0,1,1
IND,PRASAD Vivek Sagar,0,0,1,1
IND,PARATTU RAVEENDRAN Sreejesh,0,0,1,1
HUN,MUHARI Eszter,0,0,1,1
IND,PAL Raj Kumar,0,0,1,1
IND,SINGH Mandeep,0,0,1,1
IND,SANJAY Sanjay,0,0,1,1
IND,SINGH Hardik,0,0,1,1
IND,SINGH Jarmanpreet,0,0,1,1
IND,SINGH Harmanpreet,0,0,1,1
IND,ROHIDAS Amit,0,0,1,1
IND,SINGH Gurjant,0,0,1,1
IND,SUMIT Sumit,0,0,1,1
IND,SINGH Sukhjeet,0,0,1,1
IRI,AZARPIRA Amirali,0,0,1,1
IND,SINGH Shamsher,0,0,1,1
IND,SINGH Manpreet,0,0,1,1
IND,UPADHYAY Lalit Kumar,0,0,1,1
IRI,MIRZAZADEH Amin,0,0,1,1
IND,SINGH Sarabjot,0,0,1,1
IRL,Mc SHARRY Mona,0,0,1,1
ITA,CENTOFANTI Martina,0,0,1,1
IRL,LYNCH Daire,0,0,1,1
IRI,NEMATZADEH Mobina,0,0,1,1
ISR,PALTCHIK Peter,0,0,1,1
ITA,ALESSIO Simone,0,0,1,1
IRL,DOYLE Philip,0,0,1,1
ITA,DEPLANO Leonardo,0,0,1,1
ITA,DURANTI Agnese,0,0,1,1
ITA,MALAN Giorgio,0,0,1,1
ITA,DIAZ HERNANDEZ Andy,0,0,1,1
ITA,CONTE BONIN Paolo,0,0,1,1
ITA,FURLANI Mattia,0,0,1,1
ITA,LAMON Francesco,0,0,1,1
ITA,FRIGO Manuel,0,0,1,1
ITA,PARIS Laura,0,0,1,1
ITA,MONNA Paolo,0,0,1,1
ITA,MOGUREAN Daniela,0,0,1,1
ITA,MUSETTI Lorenzo,0,0,1,1
ITA,MAURELLI Alessia,0,0,1,1
ITA,MIRESSI Alessandro,0,0,1,1
ITA,MILAN Jonathan,0,0,1,1
ITA,RAFFAELI Sofia,0,0,1,1
ITA,PIZZOLATO Antonino,0,0,1,1
JAM,BROADBELL Rasheed,0,0,1,1
ITA,ZAZZERI Lorenzo,0,0,1,1
ITA,TADDEUCCI Ginevra,0,0,1,1
ITA,SAMELE Luigi,0,0,1,1
JAM,CAMPBELL Rajindra,0,0,1,1
JPN,AZUMA Sera,0,0,1,1
JPN,KITAJIMA Ryuzo,0,0,1,1
JPN,MATSUYAMA Nami,0,0,1,1
JPN,HIGASHINO Arisa,0,0,1,1
JPN,MATSUYAMA Hideki,0,0,1,1
JPN,KIKUCHI Komaki,0,0,1,1
JPN,FUKUSHIMA Shihomi,0,0,1,1
JPN,EMURA Misaki,0,0,1,1
JPN,MIYAWAKI Karin,0,0,1,1
JPN,SHIDA Chiharu,0,0,1,1
JPN,OIWA Yoshiaki,0,0,1,1
JPN,OZAKI Seri,0,0,1,1
JPN,SUSAKI Yui,0,0,1,1
JPN,TAKASHIMA Risa,0,0,1,1
JPN,TANAKA Toshiyuki,0,0,1,1
JPN,OZAKI Nonoka,0,0,1,1
KAZ,SATPAYEV Islam,0,0,1,1
KAZ,KYZAIBAY Nazym,0,0,1,1
KAZ,LE Alexandra,0,0,1,1
KAZ,KYRGYZBAYEV Gusman,0,0,1,1
JPN,UENO Yuka,0,0,1,1
KEN,CHEROTICH Faith,0,0,1,1
JPN,WATANABE Yuta,0,0,1,1
JPN,TOMOTO Kazuma,0,0,1,1
KGZ,DZHUZUPBEKOV Uzur,0,0,1,1
KEN,KIPRUTO Benson,0,0,1,1
KEN,MORAA Mary,0,0,1,1
KEN,OBIRI Hellen,0,0,1,1
KGZ,SHARSHENBEKOV Zholaman,0,0,1,1
KEN,KIBIWOT Abraham,0,0,1,1
KGZ,MAKHMUDOV Akzhol,0,0,1,1
KOR,KIM Jisu,0,0,1,1
KOR,HAN Juyeop,0,0,1,1
KOR,JEON Jihee,0,0,1,1
KOR,KIM Won Jin,0,0,1,1
KOR,IM Aeji,0,0,1,1
KOR,JUNG Yerin,0,0,1,1
KGZ,TYNYBEKOVA Aisuluu,0,0,1,1
KOR,AN Baul,0,0,1,1
KOR,YOON Hyunji,0,0,1,1
KOR,LEE Dabin,0,0,1,1
KOR,LEE Hyekyeong,0,0,1,1
KOR,KIM Woomin,0,0,1,1
KOR,LEE Eunhye,0,0,1,1
KOR,SEONG Seungmin,0,0,1,1
KOR,LIM Jonghoon,0,0,1,1
LTU,VINGELIS Sarunas,0,0,1,1
LTU,PUKELIS Aurelijus,0,0,1,1
MAR,AKHOMACH Ilias,0,0,1,1
LTU,MATULIS Gintautas,0,0,1,1
LTU,SENKUTE Viktorija,0,0,1,1
KOS,FAZLIU Laura,0,0,1,1
LTU,DZIAUGYS Evaldas,0,0,1,1
MAR,BEN SEGHIR Eliesse,0,0,1,1
MAR,EL OUAHDI Zakaria,0,0,1,1
MAR,EZZALZOULI Abde,0,0,1,1
MAR,EL KAJOUI Munir,0,0,1,1
MAR,GHANIMI Rachid,0,0,1,1
MAR,BOUCHOUARI Benjamin,0,0,1,1
MAR,BOUKAMIR Mehdi,0,0,1,1
MAR,EL AZZOUZI Oussama,0,0,1,1
MAR,EL KHANNOUSS Bilal,0,0,1,1
MAR,KECHTA Yassine,0,0,1,1
MAR,HAKIMI Achraf,0,0,1,1
MAR,RICHARDSON Amir,0,0,1,1
MAR,MANAOUT Haytam,0,0,1,1
MAR,NAKACH Akram,0,0,1,1
MAR,MAOUHOUB Mehdi,0,0,1,1
MAR,RAHIMI Soufiane,0,0,1,1
MDA,VIERU Denis,0,0,1,1
MDA,OSMANOV Adil,0,0,1,1
MAS,CHIA Aaron,0,0,1,1
MAR,TAHIF Adil,0,0,1,1
MAR,TARGHALLINE Oussama,0,0,1,1
MDA,TARNOVSCHI Serghei,0,0,1,1
MAS,SOH Wooi Yik,0,0,1,1
MAS,LEE Zii Jia,0,0,1,1
NED,AARTS Laura,0,0,1,1
MEX,VALENCIA Alejandra,0,0,1,1
NED,de BROUWER Bregje,0,0,1,1
MEX,VAZQUEZ Ana,0,0,1,1
MEX,RUIZ Angela,0,0,1,1
NED,CORBEAU Caspar,0,0,1,1
NED,BUIS Sarah,0,0,1,1
NED,ROGGE Lieke,0,0,1,1
NED,MOOLHUIJZEN Lola,0,0,1,1
NED,SCHOUTEN Tes,0,0,1,1
NED,de BROUWER Noortje,0,0,1,1
NED,KEUNING Maartje,0,0,1,1
NED,ROGGE Bente,0,0,1,1
NED,LAMMERTS Annelous,0,0,1,1
NED,JOUSTRA Kittylynn,0,0,1,1
NED,SEVENICH Vivian,0,0,1,1
NED,van BELLE Lisa,0,0,1,1
NED,van de KRAATS Simone,0,0,1,1
NED,van der DUIN Maike,0,0,1,1
NED,TEN BROEK Nina,0,0,1,1
NED,SLEEKING Brigitte,0,0,1,1
NED,van der SLOOT Sabrina,0,0,1,1
NED,WOLVES Iris,0,0,1,1
NOR,BULLEN Grace Jacob,0,0,1,1
NOR,HOEST Line Flem,0,0,1,1
NOR,SOERUM Christian Sandlie,0,0,1,1
NED,van OPZEELAND Luuc,0,0,1,1
NOR,MOL Anders Berntsen,0,0,1,1
NED,van der VLEUTEN Maikel,0,0,1,1
NED,van DORP Simon,0,0,1,1
NZL,WILLIAMS Kerri,0,0,1,1
NZL,DAWSON Erica,0,0,1,1
PER,PESCHIERA Stefano,0,0,1,1
NZL,WILKINSON Micah,0,0,1,1
NZL,SPOORS Phoebe,0,0,1,1
NZL,WADDY Davina,0,0,1,1
NZL,GOWLER Jackie,0,0,1,1
PHI,PETECIO Nesthy,0,0,1,1
POL,KACZMAREK Natalia,0,0,1,1
POL,KALUCKA Aleksandra,0,0,1,1
POL,CZAJA Dominik,0,0,1,1
POL,BISKUP Mateusz,0,0,1,1
PHI,VILLEGAS Aira,0,0,1,1
POL,JARECKA Aleksandra,0,0,1,1
POL,BARANSKI Fabian,0,0,1,1
POR,SAMPAIO Patricia,0,0,1,1
POL,SWIATEK Iga,0,0,1,1
POL,SWATOWSKA-WENGLARCZYK Martyna,0,0,1,1
PRK,CHOE Hyo Gyong,0,0,1,1
POL,ZIETARSKI Miroslaw,0,0,1,1
POL,KNAPIK-MIAZGA Renata,0,0,1,1
PRK,PANG Cholmi,0,0,1,1
POL,KLASIK Alicja,0,0,1,1
PRK,RI Se Ung,0,0,1,1
PUR,RIVERA Sebastian C,0,0,1,1
PUR,CAMACHO-QUINN Jasmine,0,0,1,1
QAT,BARSHIM Mutaz Essa,0,0,1,1
RSA,BROWN Ronald,0,0,1,1
RSA,DAVIDS Selvyn,0,0,1,1
ROU,BARBOSU Ana,0,0,1,1
RSA,GROBBELAAR Christie,0,0,1,1
RSA,PRETORIUS Tiaan,0,0,1,1
RSA,DAVIDS Zain,0,0,1,1
RSA,NORTJE Quewin,0,0,1,1
RSA,OOSTHUIZEN Ryan,0,0,1,1
RSA,HATHERLY Alan,0,0,1,1
RSA,SOYIZWAPI Siviwe,0,0,1,1
RSA,LEYDS Tristan,0,0,1,1
RSA,VISSER Impi,0,0,1,1
RSA,SPECMAN Rosko,0,0,1,1
SGP,MAEDER Maximilian,0,0,1,1
RSA,WILLIAMS Shaun,0,0,1,1
RSA,van WYK Shilton,0,0,1,1
SRB,AVRAMOVIC Aleksa,0,0,1,1
SRB,BOGDANOVIC Bogdan,0,0,1,1
SRB,JOKIC Nikola,0,0,1,1
SRB,MICIC Vasilije,0,0,1,1
SRB,JOVIC Nikola,0,0,1,1
SRB,GUDURIC Marko,0,0,1,1
SRB,DAVIDOVAC Dejan,0,0,1,1
SRB,MARINKOVIC Vanja,0,0,1,1
SRB,MILUTINOV Nikola,0,0,1,1
SRB,DOBRIC Ognjen,0,0,1,1
SUI,MITYUKOV Roman,0,0,1,1
SUI,BRUNNER Nina,0,0,1,1
SUI,GOGNIAT Audrey,0,0,1,1
SUI,CLAESSENS Zoe,0,0,1,1
SRB,PETRUSEV Filip,0,0,1,1
SUI,HUEBERLI Tanja,0,0,1,1
SRB,PLAVSIC Uros,0,0,1,1
SUI,GULICH Andrin,0,0,1,1
SWE,BABULFATH Tara,0,0,1,1
SVK,BENUS Matej,0,0,1,1
SWE,RISSVEDS Jenny,0,0,1,1
THA,KHAMBAO Surodchana,0,0,1,1
SUI,ROEOESLI Roman,0,0,1,1
SWE,KARLSSON Lovisa,0,0,1,1
SWE,DAHLBERG Anton,0,0,1,1
TPE,CHEN Nien Chin,0,0,1,1
TPE,KUO Hsing-Chun,0,0,1,1
TPE,LEE Meng Yuan,0,0,1,1
TJK,BOLTAEV Davlat,0,0,1,1
TJK,RAKHIMOV Temur,0,0,1,1
TPE,TANG Chia-Hung,0,0,1,1
TJK,MAKHMADBEKOV Somon,0,0,1,1
THA,SUWANNAPHENG Janjaem,0,0,1,1
TUN,JENDOUBI Mohamed Khalil,0,0,1,1
TUR,KUS AYDIN Nafia,0,0,1,1
TUR,CAVUSOGLU TOSUN Buse,0,0,1,1
TUR,GAZOZ Mete,0,0,1,1
TPE,WU Shih Yi,0,0,1,1
TUR,AKGUL Taha,0,0,1,1
TUR,TUMER Berkim,0,0,1,1
USA,AVERILL Taylor,0,0,1,1
TUR,YILDIRMIS Abdullah,0,0,1,1
USA,ANDERSON Matthew,0,0,1,1
TUR,YILDIZ KAHRAMAN Esra,0,0,1,1
UKR,BELENIUK Zhan,0,0,1,1
USA,BARROWS Ian,0,0,1,1
UKR,GERASHCHENKO Iryna,0,0,1,1
UKR,KOKHAN Mykhaylo,0,0,1,1
USA,CHRISTENSON Micah,0,0,1,1
USA,CANETT Kayla,0,0,1,1
USA,CARLSON Chris,0,0,1,1
USA,BURDICK Cierra,0,0,1,1
USA,BROWN Brittany,0,0,1,1
USA,BOWEN Alex,0,0,1,1
USA,CHATAIN Peter,0,0,1,1
USA,BROOKS Aaron Marquel,0,0,1,1
USA,DODD Ryder,0,0,1,1
USA,DAUBE Hannes,0,0,1,1
USA,DEFALCO Torey,0,0,1,1
USA,DODD Chase William,0,0,1,1
USA,DEAN Clark,0,0,1,1
USA,DAKE Kyle Douglas,0,0,1,1
USA,CUPIDO Luca,0,0,1,1
USA,HOLLAND Drew,0,0,1,1
USA,DOYLE Lauren,0,0,1,1
USA,HOLLINGSWORTH Henry,0,0,1,1
USA,HALLOCK Ben,0,0,1,1
USA,HENKEN Hans,0,0,1,1
USA,HAMBY Dearica,0,0,1,1
USA,HOLT Maxwell,0,0,1,1
USA,FRITZ Taylor,0,0,1,1
USA,ITKIN Nick,0,0,1,1
USA,IRVING Max,0,0,1,1
USA,JAESCHKE Thomas,0,0,1,1
USA,HOWARD Rhyne,0,0,1,1
USA,HUSTON Nyjah,0,0,1,1
USA,HONG Asher,0,0,1,1
USA,HOOPER Johnny,0,0,1,1
USA,KERLEY Fred,0,0,1,1
USA,JENDRYK II Jeffrey,0,0,1,1
USA,JONES Omari,0,0,1,1
USA,KELTER Alev,0,0,1,1
USA,KAUFHOLD Casey,0,0,1,1
USA,LEIBFARTH Evy,0,0,1,1
USA,JUDA Paul,0,0,1,1
USA,KIRSHE Kristi,0,0,1,1
USA,MAHER Ilona,0,0,1,1
USA,MILNE Rielly,0,0,1,1
USA,LEVY Sarah,0,0,1,1
USA,MA'A Micah,0,0,1,1
USA,MORRIS Hampton,0,0,1,1
USA,MAROULIS Helen Louise,0,0,1,1
USA,MALONE Brody,0,0,1,1
USA,NUGUSE Yared,0,0,1,1
USA,QUINTON Pieter,0,0,1,1
USA,MUAGUTUTIA Garrett,0,0,1,1
USA,PAUL Tommy,0,0,1,1
USA,RAMSEY Ariana,0,0,1,1
USA,OLSON Evan,0,0,1,1
USA,OBERT Alex,0,0,1,1
USA,OLSEN Alena,0,0,1,1
USA,SHOJI Erik,0,0,1,1
USA,ROVETTI Steph,0,0,1,1
USA,RICHARD Frederick,0,0,1,1
USA,RUSHER Nick,0,0,1,1
USA,RUSSELL Aaron,0,0,1,1
USA,SULLIVAN Sammy,0,0,1,1
USA,SMITH David,0,0,1,1
USA,SEDRICK Alex,0,0,1,1
USA,WATSON Sam,0,0,1,1
USA,van LITH Hailey,0,0,1,1
USA,TEACHOUT Kristina,0,0,1,1
USA,VAVIC Marko,0,0,1,1
USA,TABASH Christian,0,0,1,1
USA,TAPPER Naya,0,0,1,1
USA,VICTOR,0,0,1,1
USA,WEYANT Emma,0,0,1,1
USA,WEINBERG Adrian,0,0,1,1
UZB,TUROBOYEV Muzaffarbek,0,0,1,1
UZB,ABDULLAEV Gulomjon,0,0,1,1
UZB,YUSUPOV Alisher,0,0,1,1
ZAM,SAMUKONGA Muzala,0,0,1,1
USA,WOODHEAD Dylan,0,0,1,1
